-- phpMyAdmin SQL Dump
-- version 4.1.14
-- http://www.phpmyadmin.net
--
-- Host: 127.0.0.1
-- Generation Time: Dec 28, 2018 at 01:55 PM
-- Server version: 5.6.17
-- PHP Version: 5.5.12

SET SQL_MODE = "NO_AUTO_VALUE_ON_ZERO";
SET time_zone = "+00:00";


/*!40101 SET @OLD_CHARACTER_SET_CLIENT=@@CHARACTER_SET_CLIENT */;
/*!40101 SET @OLD_CHARACTER_SET_RESULTS=@@CHARACTER_SET_RESULTS */;
/*!40101 SET @OLD_COLLATION_CONNECTION=@@COLLATION_CONNECTION */;
/*!40101 SET NAMES utf8 */;

--
-- Database: `library`
--

-- --------------------------------------------------------

--
-- Table structure for table `books`
--

CREATE TABLE IF NOT EXISTS `books` (
  `isbn` varchar(15) NOT NULL,
  `name` varchar(100) NOT NULL,
  `author` varchar(30) NOT NULL,
  `yearofpub` varchar(20) NOT NULL,
  `numofcopy` int(5) NOT NULL,
  `catagory` varchar(50) NOT NULL,
  `imagepath` varchar(255) NOT NULL,
  `Date` datetime NOT NULL,
  PRIMARY KEY (`isbn`)
) ENGINE=InnoDB DEFAULT CHARSET=latin1;

--
-- Dumping data for table `books`
--

INSERT INTO `books` (`isbn`, `name`, `author`, `yearofpub`, `numofcopy`, `catagory`, `imagepath`, `Date`) VALUES
('1018103002', 'Cloud Computing', 'MIT Press', 'November 21, 2016', 0, 'Information Technology', 'images/411eIi5NLEL._AC_SL1500_.jpg', '2018-11-09 10:25:23'),
('1118006002', 'Regression Analysis with R', 'Packt', 'June 30, 2014', 0, 'Computer Science', 'images/41LfxeZQGSL._AC_SY400_.jpg', '2018-11-09 07:50:46'),
('1118006009', 'Regression Analysis with R', 'Packt', 'June 30, 2014', 5, 'Computer Science', 'images/41LfxeZQGSL._AC_SY400_.jpg', '2018-12-27 07:35:16'),
('1118008182', 'Data Analysis with R', 'Packt', 'October 21, 2015', 2, 'Computer Science', 'images/41jgEYe4eFL._AC_SY400_.jpg', '2018-11-09 07:49:11'),
('1131489062', 'Applying UML and Patterns', 'Prentice Hall', 'October 30, 2004', 5, 'Computer Science', 'images/51gVLEtrCNL._AC_SY400_.jpg', '2018-10-18 15:50:55'),
('1132197220', 'Introduction to Programming in Java, an Interdiciplinary Approach', 'Willey', 'November 21, 2016', 0, 'Information Systems', 'images/419+vLJCHfL._AC_SY400_.jpg', '2018-11-09 10:27:28'),
('1133122990', 'The Java Programming Language, Fourth Editon', 'Sum', 'June 20, 2008', 0, 'Computer Science', 'images/516qWjf2cdL._AC_SY400_.jpg', '2018-11-09 04:53:38'),
('1134177220', 'HTML Quick Start Guide', 'Independently published', 'December 21, 2016', 1, 'Computer Science', 'images/81LZw4DAL8L._SL1500_.jpg', '2018-11-09 10:20:02'),
('1134177240', 'Functional Programming in Java, Harnessing the Power of Java 8 Lambda Expressions', 'The Pragmatic Programmers', 'July 30, 2014', 1, 'Computer Science', 'images/41Hn+pBip8L._AC_SL1500_.jpg', '2018-11-09 07:44:24'),
('1134177290', 'Core Java Volume II Advanced Features 10th Edition', 'Prentice Hall', 'December 21, 2016', 25, 'Computer Science', 'images/41clmx-C4SL._AC_SY400_.jpg', '2018-10-18 15:32:31'),
('1134177292', 'Data Science from Scratch with Python', 'Independently published', 'January 10, 2011', 1, 'Data Science', 'images/41Rae5B2i7L._AC_SY400_.jpg', '2018-11-09 07:53:17'),
('1134177304', 'Core Java Volume I Fundamentals 10th Edition', 'Prentice Hall', 'January 1, 2016', 49, 'Computer Science', 'images/41dHD22LDJL._AC_SY400_.jpg', '2018-10-18 15:31:05'),
('1134177990', 'Core java Volume I Fundamentals', 'Prentica Hall', 'December 21, 2016', 10, 'Computer Science', 'images/41nMhEMODFL._AC_SY400_.jpg', '2018-11-09 04:26:22'),
('1134177992', 'Python for Data Analysis', 'Oreilly', 'August 10, 2011', 2, 'Information Systems', 'images/51AGrudlIhL._AC_SY400_.jpg', '2018-11-09 07:58:26'),
('1134397993', 'Modern Java in Action', 'Independently published', 'November 21, 2016', 0, 'Computer Science', 'images/813hnWYHjZL._AC_SL1500_.jpg', '2018-11-09 10:35:06'),
('1134694724', 'Core Java SE 9 for the Impatient', 'Addison-Wesley Professional', 'September 25, 2017', 4, 'Computer Science', 'images/51MvByTgv3L._AC_SY400_.jpg', '2018-10-18 15:55:38'),
('1188345684', 'MySQL Cookbook', 'Oreilly', 'June 30, 2017', 3, 'Computer Science', 'images/51Sq0J4XPxL._SY400_.jpg', '2018-11-09 10:01:35'),
('1188345689', 'MySQL Cookbook', 'Oreilly', 'June 30, 2017', 3, 'Computer Science', 'images/51jIcMzYYEL._AC_SL1500_.jpg', '2018-11-09 09:17:18'),
('1201633612', 'Design Patterns: Object Oriented Software', 'Addison-Wesley Professional', 'November 10, 1994', 13, 'Computer Science', 'images/51szD9HC9pL._AC_SY400_.jpg', '2018-10-18 15:54:23'),
('12218006002', 'Python Data Science Handbook', 'Oreilly', 'October 21, 2017', 4, 'Data Science', 'images/51MPp7yuZCL._AC_SY400_.jpg', '2018-11-09 09:34:40'),
('1234177238', 'Core java Volume II Advanced Features 11th Edition', 'Prentice Hall', 'March 21, 2018', 3, 'Computer Science', 'images/412bknJqrjL._AC_SY400_.jpg', '2018-11-09 04:49:38'),
('1291946228', 'Python Crash Course', 'Prentica Hall', 'February 11, 2010', 23, 'Computer Science', 'images/51F48HFHq6L._AC_SY400_.jpg', '2018-11-09 04:27:32'),
('1449340377', 'Python Cookbook, third edition', 'O Reilly Media', 'June 1, 2013', 4, 'Computer Science', 'images/51hFtDvqgfL._AC_SY400_.jpg', '2018-10-18 15:15:48'),
('1449355730', 'Learning Python, 5th Edition', 'O Reilly Media', 'July 6, 2013', 5, 'Computer Science', 'images/515iBchIIzL._AC_SY400_.jpg', '2018-10-18 15:18:22'),
('1449363758', 'PHP Cookbook, Solution and Examples for php programmers', 'Oreilly', 'December 21, 2017', 5, 'Computer Science', 'images/51xoxfU7GxL._AC_SY400_.jpg', '2018-11-09 04:43:55'),
('1449390544', 'Head First HTML5 Programming Building with JavaScr', 'O Reilly Media', 'October 21, 2011', 5, 'Computer Science', 'images/51fT6iYBNML._AC_SY400_.jpg', '2018-10-18 15:41:49'),
('1490568967', 'CSS Definitive Guide', 'Oreilly Media', 'June 12, 2017', 1, 'Computer Science', 'images/book.PNG', '2018-11-01 22:32:37'),
('1491905018', 'Modern PHP', 'O Reilly Media', 'March 1, 2015', 43, 'Computer Science', 'images/516kv5hpwuL._AC_SY400_.jpg', '2018-10-18 17:12:21'),
('1491918667', 'Learning Php, Mysql & JavaScript', 'O Reilly Media', 'December 14, 2014', 12, 'Computer Science', 'images/51mk+9J-dbL._AC_SY400_.jpg', '2018-10-18 17:17:52'),
('1491936088', 'Laravel up and running', 'O Reilly Media', 'December 3, 2016', 36, 'Computer Science', 'images/51bEpBADC+L._AC_SY400_.jpg', '2018-10-18 17:06:32'),
('1491946008', 'Fluent Python: Clear, Consice, and Effective Programming', 'Oreilly', 'August 20, 2015', 5, 'Computer Science', 'images/51cRqX8DTgL._AC_SY400_.jpg', '2018-11-09 04:15:38'),
('1491958863', 'Head First Learn to Code: A Learners Guide to Codi', 'O Reilly Media', 'January 12, 2018', 8, 'Computer Science', 'images/516IR7g--5L._AC_SY400_.jpg', '2018-10-18 15:37:20'),
('14933946234', 'Django 2 by Example', 'Packt', 'March 21, 2015', 12, 'Computer Science', 'images/51FEe6WFn+L._AC_SY400_.jpg', '2018-11-09 04:29:48'),
('1549578669', 'PHP for Beginners Learn in 7 Days', 'Independently published', 'August 24, 2017', 4, 'Computer Science', 'images/41Gnik98Z-L._AC_SY400_.jpg', '2018-10-18 17:20:01'),
('1596008678', 'Head First Object Oriented Analysis and Design', 'O Reilly Media', 'December 7, 2006', 44, 'Computer Science', 'images/51mE7FBCw8L._AC_SY400_.jpg', '2018-10-18 15:49:54'),
('1596009208', 'Head First Java 2nd Edition', 'O Reilly Media', 'February 19, 2005', 55, 'Computer Science', 'images/51Gsycdh-TL._AC_SY400_.jpg', '2018-10-18 15:48:38'),
('1596158106', 'Programming Python: Powerfull Object Oriented Programming', 'Oreilly', 'January 10, 2011', 20, 'Computer Science', 'images/517k0XB9ogL._AC_SY400_.jpg', '2018-11-09 04:41:50'),
('1596159900', 'Head First HTML and CSS', 'O Reilly Media', 'September 8, 2012', 39, 'Computer Science', 'images/51GbDTGXRvL._AC_SY400_.jpg', '2018-10-18 15:40:32'),
('1680502883', 'Simplifying JavaScript with ESS, ES6 and Beyond', 'Pragmatic Bookshelf', 'April 27, 2018', 22, 'Computer Science', 'images/41WDqEnOI7L._AC_SY400_.jpg', '2018-10-18 15:43:39'),
('1680505467', 'Rediscovering JavaScript: Master ES6, ES7 and ES8', 'Pragmatic Bookshelf', 'June 21, 2018', 12, 'Computer Science', 'images/51K2HnOUoAL._AC_SY400_.jpg', '2018-10-18 15:45:10'),
('17761581877', 'A Smarter Way to Learn HTML & CSS', 'CreateSpace Independent Publis', 'June 10, 2017', 10, 'Computer Science', 'images/51RgT-XfErL._AC_SY400_.jpg', '2018-11-09 04:37:59'),
('1780134685991', 'Headfirst Java Script', 'Addison-Wesley Professional', 'January 6, 2016', 23, 'Computer Science', 'images/51qQTSKL2nL._AC_SY400_.jpg', '2018-11-09 07:16:41'),
('17811853122', 'Python Machine Learning with python, scikit learn and TensorFlow', 'Packt', 'January 10, 2011', 1, 'Computer Science', 'images/41LEirGUWAL._AC_SY400_.jpg', '2018-11-09 07:48:11'),
('17811853162', 'Data Science from Scratch First Principle with Python', 'Oreilly', 'November 23, 2016', 3, 'Information Systems', 'images/51dZW9t3GeL._AC_SY400_.jpg', '2018-11-09 08:06:21'),
('17811853164', 'JavaScipt and JQuery: Interactive Front End Web Development', 'Willey', 'June 30, 2014', 34, 'Computer Science', 'images/41Z6LTD8QmL._AC_SY400_.jpg', '2018-11-09 07:13:41'),
('17811855162', 'Data Science for Business, What You Need to Know About Data Mining and Data Analytic Thinking', 'Independently published', 'October 21, 2015', 3, 'Data Science', 'images/511JdQBGNdL._AC_SY400_.jpg', '2018-11-09 10:32:23'),
('19961581888', 'A Smarter Way to Learn Python', 'CreateSpace', 'August 9, 2017', 55, 'Computer Science', 'images/41i1z4hAJAL._AC_SY400_.jpg', '2018-10-18 15:28:36'),
('2118008182', 'Case Study Research and Applications, Design and Methods', 'Independently published', 'June 30, 2014', 3, 'Research', 'images/61-JuORi+eL._AC_SY400_.jpg', '2018-11-09 10:14:54'),
('2124122590', 'Designing and Conducting Mixed Methods Research', 'Independently published', 'June 30, 2014', 1, 'Research', 'images/61e9nb3VmoL._AC_SY400_.jpg', '2018-11-09 10:11:39'),
('2134100543', 'How to Write a lot', 'Independently published', 'November 23, 2010', 11, 'Research', 'images/51L7oNmTPYL._AC_SY400_.jpg', '2018-11-09 09:21:56'),
('2134177990', 'Qualitative Inquiry Research Design Choosing among 5 Approaches', 'Independently published', 'November 21, 2016', 2, 'Research', 'images/51d4LxrpgdL._AC_SY400_.jpg', '2018-11-09 08:02:00'),
('215698324', 'The Literature Review, Six Steps to Success', 'Independently published', 'December 21, 2016', 1, 'Research', 'images/51ltWv9LwjL._AC_SY400_.jpg', '2018-11-09 09:32:58'),
('2184920301', 'Research Methodology Methods and Techniques', 'New Age', 'October 21, 2016', 20, 'Research', 'images/research.PNG', '2018-11-09 07:20:02'),
('2184920303', 'Research Design Qualitative, Quantitative and Mixed Methods Approaches', 'Creswell', 'June 30, 2017', 3, 'Research', 'images/research2.PNG', '2018-11-09 07:26:47'),
('2184920316', 'Research Methodology A step to step Guide for Beginners', 'SAGE Publications Ltd', 'January 11, 2011', 42, 'Research', 'images/research3.PNG', '2018-11-09 07:28:44'),
('2280505469', 'The Craft of Research', 'Independently published', 'November 23, 2017', 4, 'Research', 'images/research1.PNG', '2018-11-09 07:24:51'),
('22811852164', 'Understanding Research Methods, an Overview of the Essentials', 'SAGE Publications Ltd', 'December 21, 2011', 1, 'Research', 'images/41Hg7m1wKyL._AC_SY400_.jpg', '2018-11-09 07:41:53'),
('2449340332', 'Research Methods', 'Independently published', 'August 30, 2017', 2, 'Research', 'images/61kUXovkKhL._AC_SY400_.jpg', '2018-11-09 10:16:53'),
('77811853121', 'A smarter way to learn jQuery', 'Prentica Hall', 'October 21, 2015', 10, 'Computer Science', 'images/51-eVLS3PLL._AC_SY400_.jpg', '2018-11-09 04:12:09'),
('9124122590', 'Cloud Computing A Hands-On Approach', 'Independently published', 'January 10, 2011', 1, 'Information Technology', 'images/51ZQfezrPJL._AC_SY400_.jpg', '2018-11-09 10:10:03'),
('9134122990', 'Network Analysis Using Wireshark2 Cookbook', 'Packt', 'November 21, 2016', 3, 'Information Technology', 'images/51qGJAyyoDL._AC_SY400_.jpg', '2018-11-09 09:48:13'),
('9134177220', 'Cloud Computing for Dummies', 'Dummies', 'July 2, 2010', 2, 'Information Technology', 'images/51dy4F4MytL._AC_SY400_.jpg', '2018-11-09 08:05:14'),
('9134177240', 'Cyber Security Attacks and Defense Stratigies', 'Packt', 'October 21, 2015', 2, 'Information Technology', 'images/51agBMiFVQL._AC_SY400_.jpg', '2018-11-09 07:57:07'),
('9134177290', 'Django for Beginners', 'Independently published', 'November 23, 2011', 5, 'Computer Science', 'images/django.jpg', '2018-11-09 05:06:58'),
('9134177330', 'Learn Ethical Hacking from Scratch', 'Packt', 'January 10, 2011', 3, 'Information Technology', 'images/51o1s3GFRUL._AC_SY400_.jpg', '2018-11-09 09:36:04'),
('9134177920', 'Windwos 10 made it easy, Take Control of your PC', 'Independently published', 'January 10, 2016', 12, 'Information Technology', 'images/41Ary60nB4L._AC_SY400_.jpg', '2018-11-09 07:37:16'),
('9134187990', 'Cloud Computing', 'MIT Press', 'November 21, 2016', 2, 'Information Technology', 'images/410xQKu2cUL._SY400_.jpg', '2018-11-09 10:22:20'),
('9144122970', 'Kali Linux Web Penetration Testing Cookbook', 'Packt', 'October 21, 2015', 3, 'Information Technology', 'images/51Xx1ogFp8L._AC_SY400_.jpg', '2018-11-09 10:08:07'),
('9184920301', 'Kali Linux Cookbook', 'Packt', 'November 21, 2016', 3, 'Information Technology', 'images/41pb0i+lt1L._AC_SY400_.jpg', '2018-11-09 07:51:57'),
('9218006002', 'Networking Made Easy, Get Yourself Connected', 'Independently published', 'June 30, 2014', 2, 'Computer Science', 'images/41Tx9CB5J7L._AC_SY400_.jpg', '2018-11-09 07:55:46'),
('9312417797', 'Wicked Cool Shell Scripts, 101 Scripts for Linux OS', 'Addison-Wesley Professional', 'October 21, 2015', 0, 'Information Technology', 'images/51scl4WrUoL._AC_SY400_.jpg', '2018-11-09 09:59:02'),
('9313417797', 'Cloud Computing from Beginning to End', 'Independently published', 'November 23, 2010', 3, 'Information Technology', 'images/51E+H4JWA7L._AC_SY400_.jpg', '2018-11-09 08:08:31'),
('9449340268', 'Cloud Computing Concepts, Technology and Architecture', 'Independently published', 'September 23, 2017', 0, 'Information Technology', 'images/61THCj4q6FL._AC_SY400_.jpg', '2018-11-09 10:18:26'),
('9449340388', 'Unix and Linux System Administration Handbook 5th Edition', 'Willey', 'October 21, 2015', 2, 'Information Technology', 'images/61iWkQ87uTL._AC_SY400_.jpg', '2018-11-09 10:12:57'),
('9587205007', 'CCENT/CCNA ICND1 100-105', 'Cisco Press', 'May 27, 2016', 12, 'Computer Science', 'images/51j7tE37SXL._AC_SY400_.jpg', '2018-11-09 06:25:34'),
('9587205812', 'Story telling with data', 'Willey', 'December 21, 2016', 1, 'Computer Science', 'images/41RYZKa6+HL._AC_SY400_.jpg', '2018-11-09 07:54:06'),
('9587205815', 'CCNA Routing and Switching 200-125', 'Cisco Press', 'August 5, 2016', 70, 'Computer Science', 'images/51YsGpcduNL._AC_SY400_.jpg', '2018-11-09 06:56:36'),
('9587205882', 'CCNA Routing and Switching Command Guide ICND2', 'Cisco Press', 'June 18, 2016', 40, 'Computer Science', 'images/51e0rpQZF1L._AC_SY400_.jpg', '2018-11-09 06:58:31'),
('9734122990', 'Mastering Windows PowerShell Scripting Second Edition', 'Packt', 'November 21, 2016', 3, 'Information Technology', 'images/51UN0pspnXL._AC_SY400_.jpg', '2018-11-09 10:02:49'),
('97811853121', 'CCNA Routing and Switching Complete Study Guide', 'Todd Lammle', 'January 10, 2011', 1, 'Information Technology', 'images/513uU4Xm+mL._AC_SY400_.jpg', '2018-11-09 10:33:41'),
('97811853123', 'How Linux Works, What Every Super User should Know', 'Addison-Wesley Professional', 'June 30, 2014', 3, 'Information Technology', 'images/51xTQyVBl9L._AC_SY400_.jpg', '2018-11-09 10:04:18'),
('9934177990', 'The Linux Command Line, A Complete Introduction', 'Addison-Wesley Professional', 'January 10, 2017', 10, 'Information Technology', 'images/51kjjarKXBL._AC_SY400_.jpg', '2018-11-09 09:20:42'),
('9976869595', 'IP Subnetting from 0 to Hero', 'Independently published', 'December 14, 2017', 5, 'Information Technology', 'images/41Okd4y53pL._AC_SY400_.jpg', '2018-11-09 07:04:07'),
('9980232741', 'IPv6 Fundamentals', 'Independently published', 'January 3, 2018', 12, 'Information Technology', 'images/418d9h+BfTL._AC_SY400_.jpg', '2018-11-09 07:06:15'),
('9980783381', 'Routing Protocols', 'Independently published', 'April 8, 2018', 14, 'Information Technology', 'images/cisco ccna.jpg', '2018-11-09 07:08:47');

-- --------------------------------------------------------

--
-- Table structure for table `issue_book_student`
--

CREATE TABLE IF NOT EXISTS `issue_book_student` (
  `isbn` varchar(20) NOT NULL,
  `id` varchar(11) NOT NULL,
  PRIMARY KEY (`isbn`,`id`)
) ENGINE=InnoDB DEFAULT CHARSET=latin1;

--
-- Dumping data for table `issue_book_student`
--

INSERT INTO `issue_book_student` (`isbn`, `id`) VALUES
('1018103002', 'KU-CS-230'),
('1018103002', 'KU-CS-268'),
('1118006002', 'KU-CS-231'),
('1118006002', 'KU-CS-242'),
('1118006002', 'KU-CS-304'),
('1118008182', 'KU-CS-340'),
('1118008182', 'KU-CS-345'),
('1118008182', 'KU-CS-349'),
('1118008182', 'KU-CS-350'),
('1118008182', 'KU-CS-351'),
('1118008182', 'KU-CS-352'),
('1118008182', 'KU-CS-353'),
('1118008182', 'KU-CS-373'),
('1131489062', 'KU-CS-233'),
('1132197220', 'KU-CS-234'),
('1132197220', 'KU-CS-373'),
('1133122990', 'KU-CS-230'),
('1133122990', 'KU-CS-235'),
('1133122990', 'KU-CS-236'),
('1133122990', 'KU-CS-237'),
('1133122990', 'KU-CS-238'),
('1133122990', 'KU-CS-240'),
('1133122990', 'KU-CS-241'),
('1133122990', 'KU-CS-242'),
('1133122990', 'KU-CS-243'),
('1133122990', 'KU-CS-244'),
('1133122990', 'KU-CS-245'),
('1133122990', 'KU-CS-246'),
('1133122990', 'KU-CS-373'),
('1134177220', 'KU-CS-247'),
('1134177220', 'KU-CS-248'),
('1134177220', 'KU-CS-249'),
('1134177220', 'KU-CS-250'),
('1134177220', 'KU-CS-251'),
('1134177220', 'KU-CS-252'),
('1134177220', 'KU-CS-253'),
('1134177220', 'KU-CS-254'),
('1134177220', 'KU-CS-255'),
('1134177220', 'KU-CS-256'),
('1134177220', 'KU-CS-257'),
('1134177220', 'KU-CS-258'),
('1134177220', 'KU-CS-259'),
('1134177240', 'KU-CS-340'),
('1134177290', 'KU-CS-231'),
('1134177292', 'KU-CS-269'),
('1134177992', 'KU-CS-269'),
('1134397993', 'KU-CS-240'),
('12218006002', 'KU-CS-269'),
('1234177238', 'KU-CS-233'),
('1234177238', 'KU-CS-340'),
('1449355730', 'KU-CS-269'),
('1449355730', 'KU-CS-351'),
('215698324', 'KU-CS-261'),
('9218006002', 'KU-CS-249'),
('9312417797', 'KU-CS-257'),
('9312417797', 'KU-CS-340'),
('9449340268', 'KU-CS-249');

-- --------------------------------------------------------

--
-- Table structure for table `rated_book_student`
--

CREATE TABLE IF NOT EXISTS `rated_book_student` (
  `isbn` varchar(20) NOT NULL,
  `id` varchar(20) NOT NULL,
  `rating` int(1) NOT NULL,
  `date` datetime NOT NULL,
  PRIMARY KEY (`isbn`,`id`)
) ENGINE=InnoDB DEFAULT CHARSET=latin1;

--
-- Dumping data for table `rated_book_student`
--

INSERT INTO `rated_book_student` (`isbn`, `id`, `rating`, `date`) VALUES
('1018103002', 'KU-CS-268', 4, '2018-12-24 18:32:13'),
('1018103002', 'KU-CS-277', 3, '2018-11-10 18:34:06'),
('1018103002', 'KU-CS-278', 4, '2018-11-10 18:34:06'),
('1018103002', 'KU-CS-279', 5, '2018-11-10 18:34:07'),
('1018103002', 'KU-CS-280', 3, '2018-11-10 19:13:37'),
('1018103002', 'KU-CS-281', 4, '2018-11-10 19:13:37'),
('1018103002', 'KU-CS-282', 5, '2018-11-10 19:13:37'),
('1018103002', 'KU-CS-283', 3, '2018-11-10 19:15:19'),
('1018103002', 'KU-CS-284', 4, '2018-11-10 19:15:19'),
('1018103002', 'KU-CS-285', 5, '2018-11-10 19:15:19'),
('1018103002', 'KU-CS-286', 3, '2018-11-10 19:18:16'),
('1018103002', 'KU-CS-287', 4, '2018-11-10 19:18:16'),
('1018103002', 'KU-CS-288', 5, '2018-11-10 19:18:16'),
('1018103002', 'KU-CS-289', 5, '2018-11-10 19:39:21'),
('1018103002', 'KU-CS-292', 5, '2018-11-10 19:49:40'),
('1018103002', 'KU-CS-295', 5, '2018-11-10 19:56:23'),
('1018103002', 'KU-CS-298', 5, '2018-11-11 02:57:29'),
('1018103002', 'KU-CS-373', 3, '2018-12-25 03:42:21'),
('1118006002', 'KU-CS-242', 2, '2018-12-25 03:54:33'),
('1118006002', 'KU-CS-266', 5, '2018-11-09 18:11:47'),
('1118006002', 'KU-CS-269', 5, '2018-11-10 03:30:31'),
('1118006002', 'KU-CS-270', 5, '2018-11-10 03:30:31'),
('1118006002', 'KU-CS-301', 5, '2018-11-11 03:08:34'),
('1118006002', 'KU-CS-304', 5, '2018-11-11 03:13:04'),
('1118006002', 'KU-CS-307', 5, '2018-11-11 03:15:02'),
('1118006002', 'KU-CS-310', 5, '2018-11-11 03:49:52'),
('1118006002', 'KU-CS-313', 5, '2018-11-11 03:52:47'),
('1118006002', 'KU-CS-316', 5, '2018-11-11 03:54:39'),
('1118006002', 'KU-CS-319', 5, '2018-11-11 03:56:44'),
('1118006002', 'KU-CS-322', 5, '2018-11-11 03:59:12'),
('1118008182', 'KU-CS-266', 3, '2018-11-09 17:50:35'),
('1118008182', 'KU-CS-269', 5, '2018-11-10 03:31:10'),
('1118008182', 'KU-CS-270', 5, '2018-11-10 03:31:10'),
('1118008182', 'KU-CS-302', 5, '2018-11-11 03:08:34'),
('1118008182', 'KU-CS-305', 5, '2018-11-11 03:13:04'),
('1118008182', 'KU-CS-308', 5, '2018-11-11 03:15:02'),
('1118008182', 'KU-CS-311', 5, '2018-11-11 03:49:52'),
('1118008182', 'KU-CS-314', 5, '2018-11-11 03:52:47'),
('1118008182', 'KU-CS-317', 5, '2018-11-11 03:54:39'),
('1118008182', 'KU-CS-320', 5, '2018-11-11 03:56:44'),
('1118008182', 'KU-CS-323', 5, '2018-11-11 03:59:12'),
('1118008182', 'KU-CS-373', 3, '2018-12-25 14:14:26'),
('1131489062', 'KU-CS-300', 5, '2018-11-11 02:57:29'),
('1131489062', 'KU-CS-373', 3, '2018-12-25 03:45:17'),
('1131489062', 'KU-CS-375', 5, '2018-12-24 17:45:18'),
('1132197220', 'KU-CS-231', 1, '2018-11-09 17:41:44'),
('1132197220', 'KU-CS-233', 5, '2018-11-09 17:41:44'),
('1132197220', 'KU-CS-240', 4, '2018-11-09 17:41:44'),
('1132197220', 'KU-CS-278', 4, '2018-11-10 18:34:07'),
('1132197220', 'KU-CS-325', 5, '2018-11-11 04:06:45'),
('1132197220', 'KU-CS-328', 5, '2018-11-11 04:40:41'),
('1132197220', 'KU-CS-331', 5, '2018-11-11 04:42:51'),
('1132197220', 'KU-CS-334', 5, '2018-11-11 04:44:55'),
('1132197220', 'KU-CS-337', 5, '2018-11-11 04:46:37'),
('1132197220', 'KU-CS-340', 5, '2018-11-11 04:48:45'),
('1132197220', 'KU-CS-343', 5, '2018-11-11 05:10:38'),
('1132197220', 'KU-CS-346', 5, '2018-11-11 05:12:47'),
('1132197220', 'KU-CS-349', 5, '2018-11-11 16:25:21'),
('1132197220', 'KU-CS-352', 5, '2018-11-11 16:27:13'),
('1132197220', 'KU-CS-373', 4, '2018-12-25 03:42:30'),
('1132197220', 'KU-CS-374', 3, '2018-12-24 16:54:52'),
('1132197220', 'KU-CS-375', 5, '2018-12-24 17:45:18'),
('1133122990', 'KU-CS-230', 5, '2018-12-22 10:27:47'),
('1133122990', 'KU-CS-231', 4, '2018-11-09 17:26:57'),
('1133122990', 'KU-CS-279', 3, '2018-11-10 18:34:07'),
('1133122990', 'KU-CS-303', 5, '2018-11-11 03:08:35'),
('1133122990', 'KU-CS-306', 5, '2018-11-11 03:13:05'),
('1133122990', 'KU-CS-309', 5, '2018-11-11 03:15:04'),
('1133122990', 'KU-CS-312', 5, '2018-11-11 03:49:53'),
('1133122990', 'KU-CS-315', 5, '2018-11-11 03:52:49'),
('1133122990', 'KU-CS-318', 5, '2018-11-11 03:54:40'),
('1133122990', 'KU-CS-321', 5, '2018-11-11 03:56:45'),
('1133122990', 'KU-CS-324', 5, '2018-11-11 03:59:13'),
('1133122990', 'KU-CS-326', 5, '2018-11-11 04:06:45'),
('1133122990', 'KU-CS-329', 5, '2018-11-11 04:40:41'),
('1133122990', 'KU-CS-332', 5, '2018-11-11 04:42:51'),
('1133122990', 'KU-CS-335', 5, '2018-11-11 04:44:55'),
('1133122990', 'KU-CS-338', 5, '2018-11-11 04:46:37'),
('1133122990', 'KU-CS-341', 5, '2018-11-11 04:48:45'),
('1133122990', 'KU-CS-344', 5, '2018-11-11 05:10:38'),
('1133122990', 'KU-CS-347', 5, '2018-11-11 05:12:47'),
('1133122990', 'KU-CS-350', 5, '2018-11-11 16:25:22'),
('1133122990', 'KU-CS-353', 5, '2018-11-11 16:27:13'),
('1133122990', 'KU-CS-373', 4, '2018-12-25 03:42:37'),
('1133122990', 'KU-CS-375', 3, '2018-12-24 17:45:18'),
('1134177220', 'KU-CS-231', 1, '2018-11-09 17:26:56'),
('1134177220', 'KU-CS-277', 4, '2018-11-10 18:34:07'),
('1134177220', 'KU-CS-281', 4, '2018-11-10 19:13:37'),
('1134177220', 'KU-CS-284', 4, '2018-11-10 19:15:19'),
('1134177220', 'KU-CS-287', 4, '2018-11-10 19:18:16'),
('1134177220', 'KU-CS-291', 5, '2018-11-10 19:39:21'),
('1134177220', 'KU-CS-294', 5, '2018-11-10 19:49:40'),
('1134177220', 'KU-CS-297', 5, '2018-11-10 19:56:23'),
('1134177220', 'KU-CS-298', 3, '2018-11-11 02:57:29'),
('1134177240', 'KU-CS-231', 3, '2018-11-09 17:26:57'),
('1134177240', 'KU-CS-278', 4, '2018-11-10 18:34:07'),
('1134177240', 'KU-CS-327', 5, '2018-11-11 04:06:45'),
('1134177240', 'KU-CS-330', 5, '2018-11-11 04:40:41'),
('1134177240', 'KU-CS-333', 5, '2018-11-11 04:42:51'),
('1134177240', 'KU-CS-336', 5, '2018-11-11 04:44:55'),
('1134177240', 'KU-CS-339', 5, '2018-11-11 04:46:37'),
('1134177240', 'KU-CS-340', 5, '2018-11-13 11:00:59'),
('1134177240', 'KU-CS-342', 5, '2018-11-11 04:48:45'),
('1134177240', 'KU-CS-345', 5, '2018-11-11 05:10:38'),
('1134177240', 'KU-CS-348', 5, '2018-11-11 05:12:47'),
('1134177240', 'KU-CS-351', 5, '2018-11-11 16:25:22'),
('1134177240', 'KU-CS-354', 5, '2018-11-11 16:27:13'),
('1134177240', 'KU-CS-374', 1, '2018-12-24 16:54:52'),
('1134177240', 'KU-CS-375', 5, '2018-12-24 17:45:18'),
('1134177290', 'KU-CS-231', 5, '2018-11-09 16:59:26'),
('1134177290', 'KU-CS-279', 4, '2018-11-10 18:34:07'),
('1134177290', 'KU-CS-325', 3, '2018-11-11 04:06:45'),
('1134177290', 'KU-CS-326', 5, '2018-11-11 04:06:45'),
('1134177290', 'KU-CS-327', 5, '2018-11-11 04:06:45'),
('1134177290', 'KU-CS-328', 3, '2018-11-11 04:40:41'),
('1134177290', 'KU-CS-329', 5, '2018-11-11 04:40:41'),
('1134177290', 'KU-CS-330', 5, '2018-11-11 04:40:42'),
('1134177290', 'KU-CS-331', 3, '2018-11-11 04:42:51'),
('1134177290', 'KU-CS-332', 5, '2018-11-11 04:42:51'),
('1134177290', 'KU-CS-333', 5, '2018-11-11 04:42:51'),
('1134177290', 'KU-CS-334', 3, '2018-11-11 04:44:55'),
('1134177290', 'KU-CS-335', 5, '2018-11-11 04:44:55'),
('1134177290', 'KU-CS-336', 5, '2018-11-11 04:44:55'),
('1134177290', 'KU-CS-337', 3, '2018-11-11 04:46:37'),
('1134177290', 'KU-CS-338', 5, '2018-11-11 04:46:37'),
('1134177290', 'KU-CS-339', 5, '2018-11-11 04:46:37'),
('1134177290', 'KU-CS-340', 3, '2018-11-11 04:48:45'),
('1134177290', 'KU-CS-341', 5, '2018-11-11 04:48:46'),
('1134177290', 'KU-CS-342', 5, '2018-11-11 04:48:46'),
('1134177290', 'KU-CS-343', 3, '2018-11-11 05:10:38'),
('1134177290', 'KU-CS-344', 5, '2018-11-11 05:10:38'),
('1134177290', 'KU-CS-345', 5, '2018-11-11 05:10:38'),
('1134177290', 'KU-CS-346', 3, '2018-11-11 05:12:47'),
('1134177290', 'KU-CS-347', 5, '2018-11-11 05:12:47'),
('1134177290', 'KU-CS-348', 5, '2018-11-11 05:12:47'),
('1134177290', 'KU-CS-349', 3, '2018-11-11 16:25:22'),
('1134177290', 'KU-CS-350', 5, '2018-11-11 16:25:22'),
('1134177290', 'KU-CS-351', 5, '2018-11-11 16:25:22'),
('1134177290', 'KU-CS-352', 3, '2018-11-11 16:27:13'),
('1134177290', 'KU-CS-353', 5, '2018-11-11 16:27:13'),
('1134177290', 'KU-CS-354', 5, '2018-11-11 16:27:13'),
('1134177290', 'KU-CS-374', 1, '2018-12-24 16:54:52'),
('1134177290', 'KU-CS-375', 1, '2018-12-24 17:45:18'),
('1134177292', 'KU-CS-269', 2, '2018-11-09 17:47:12'),
('1134177292', 'KU-CS-301', 3, '2018-11-11 03:08:34'),
('1134177292', 'KU-CS-302', 5, '2018-11-11 03:08:34'),
('1134177292', 'KU-CS-303', 5, '2018-11-11 03:08:34'),
('1134177292', 'KU-CS-304', 3, '2018-11-11 03:13:04'),
('1134177292', 'KU-CS-305', 5, '2018-11-11 03:13:04'),
('1134177292', 'KU-CS-306', 5, '2018-11-11 03:13:04'),
('1134177292', 'KU-CS-307', 3, '2018-11-11 03:15:03'),
('1134177292', 'KU-CS-308', 5, '2018-11-11 03:15:03'),
('1134177292', 'KU-CS-309', 5, '2018-11-11 03:15:02'),
('1134177292', 'KU-CS-310', 3, '2018-11-11 03:49:52'),
('1134177292', 'KU-CS-311', 5, '2018-11-11 03:49:52'),
('1134177292', 'KU-CS-312', 5, '2018-11-11 03:49:52'),
('1134177292', 'KU-CS-313', 3, '2018-11-11 03:52:48'),
('1134177292', 'KU-CS-314', 5, '2018-11-11 03:52:48'),
('1134177292', 'KU-CS-315', 5, '2018-11-11 03:52:48'),
('1134177292', 'KU-CS-316', 3, '2018-11-11 03:54:39'),
('1134177292', 'KU-CS-317', 5, '2018-11-11 03:54:39'),
('1134177292', 'KU-CS-318', 5, '2018-11-11 03:54:39'),
('1134177292', 'KU-CS-319', 3, '2018-11-11 03:56:44'),
('1134177292', 'KU-CS-320', 5, '2018-11-11 03:56:44'),
('1134177292', 'KU-CS-321', 5, '2018-11-11 03:56:44'),
('1134177292', 'KU-CS-322', 3, '2018-11-11 03:59:12'),
('1134177292', 'KU-CS-323', 5, '2018-11-11 03:59:12'),
('1134177292', 'KU-CS-324', 5, '2018-11-11 03:59:12'),
('1134177304', 'KU-CS-231', 5, '2018-11-09 17:26:57'),
('1134177304', 'KU-CS-277', 5, '2018-11-10 18:34:07'),
('1134177304', 'KU-CS-374', 4, '2018-12-24 16:54:52'),
('1134177304', 'KU-CS-375', 1, '2018-12-24 17:45:18'),
('1134177990', 'KU-CS-278', 5, '2018-11-10 18:34:07'),
('1134177990', 'KU-CS-325', 4, '2018-11-11 04:06:45'),
('1134177990', 'KU-CS-328', 4, '2018-11-11 04:40:42'),
('1134177990', 'KU-CS-331', 4, '2018-11-11 04:42:51'),
('1134177990', 'KU-CS-334', 4, '2018-11-11 04:44:55'),
('1134177990', 'KU-CS-337', 4, '2018-11-11 04:46:37'),
('1134177990', 'KU-CS-340', 5, '2018-11-09 17:30:27'),
('1134177990', 'KU-CS-343', 4, '2018-11-11 05:10:38'),
('1134177990', 'KU-CS-346', 4, '2018-11-11 05:12:47'),
('1134177990', 'KU-CS-349', 4, '2018-11-11 16:25:22'),
('1134177990', 'KU-CS-352', 4, '2018-11-11 16:27:13'),
('1134177990', 'KU-CS-375', 4, '2018-12-24 17:45:18'),
('1134177992', 'KU-CS-230', 3, '2018-12-22 10:29:36'),
('1134177992', 'KU-CS-256', 1, '2018-11-10 04:30:14'),
('1134177992', 'KU-CS-257', 1, '2018-11-10 04:30:14'),
('1134177992', 'KU-CS-258', 1, '2018-11-10 04:30:14'),
('1134177992', 'KU-CS-259', 5, '2018-11-10 17:44:30'),
('1134177992', 'KU-CS-260', 4, '2018-11-10 17:44:30'),
('1134177992', 'KU-CS-261', 3, '2018-11-10 17:44:30'),
('1134177992', 'KU-CS-262', 5, '2018-11-10 17:55:31'),
('1134177992', 'KU-CS-263', 4, '2018-11-10 17:55:31'),
('1134177992', 'KU-CS-264', 3, '2018-11-10 17:55:31'),
('1134177992', 'KU-CS-265', 5, '2018-11-10 18:01:00'),
('1134177992', 'KU-CS-266', 4, '2018-11-10 18:01:00'),
('1134177992', 'KU-CS-267', 3, '2018-11-10 18:01:00'),
('1134177992', 'KU-CS-268', 5, '2018-11-10 18:06:18'),
('1134177992', 'KU-CS-269', 5, '2018-11-09 17:47:13'),
('1134177992', 'KU-CS-271', 5, '2018-11-10 18:10:49'),
('1134177992', 'KU-CS-272', 4, '2018-11-10 18:10:49'),
('1134177992', 'KU-CS-273', 3, '2018-11-10 18:10:49'),
('1134177992', 'KU-CS-274', 5, '2018-11-10 18:13:18'),
('1134177992', 'KU-CS-275', 4, '2018-11-10 18:13:18'),
('1134177992', 'KU-CS-276', 3, '2018-11-10 18:13:18'),
('1134177992', 'KU-CS-277', 1, '2018-11-10 18:17:32'),
('1134177992', 'KU-CS-278', 2, '2018-11-10 18:17:32'),
('1134177992', 'KU-CS-279', 1, '2018-11-10 18:17:32'),
('1134177992', 'KU-CS-301', 5, '2018-11-11 03:08:34'),
('1134177992', 'KU-CS-302', 5, '2018-11-11 03:08:34'),
('1134177992', 'KU-CS-303', 5, '2018-11-11 03:08:34'),
('1134177992', 'KU-CS-304', 5, '2018-11-11 03:13:04'),
('1134177992', 'KU-CS-305', 5, '2018-11-11 03:13:04'),
('1134177992', 'KU-CS-306', 5, '2018-11-11 03:13:04'),
('1134177992', 'KU-CS-307', 5, '2018-11-11 03:15:03'),
('1134177992', 'KU-CS-308', 5, '2018-11-11 03:15:03'),
('1134177992', 'KU-CS-309', 5, '2018-11-11 03:15:03'),
('1134177992', 'KU-CS-310', 5, '2018-11-11 03:49:52'),
('1134177992', 'KU-CS-311', 5, '2018-11-11 03:49:52'),
('1134177992', 'KU-CS-312', 5, '2018-11-11 03:49:52'),
('1134177992', 'KU-CS-313', 5, '2018-11-11 03:52:48'),
('1134177992', 'KU-CS-314', 5, '2018-11-11 03:52:48'),
('1134177992', 'KU-CS-315', 5, '2018-11-11 03:52:48'),
('1134177992', 'KU-CS-316', 5, '2018-11-11 03:54:39'),
('1134177992', 'KU-CS-317', 5, '2018-11-11 03:54:39'),
('1134177992', 'KU-CS-318', 5, '2018-11-11 03:54:39'),
('1134177992', 'KU-CS-319', 5, '2018-11-11 03:56:44'),
('1134177992', 'KU-CS-320', 5, '2018-11-11 03:56:44'),
('1134177992', 'KU-CS-321', 5, '2018-11-11 03:56:44'),
('1134177992', 'KU-CS-322', 5, '2018-11-11 03:59:12'),
('1134177992', 'KU-CS-323', 5, '2018-11-11 03:59:12'),
('1134177992', 'KU-CS-324', 5, '2018-11-11 03:59:12'),
('1134177992', 'KU-CS-340', 1, '2018-11-09 17:30:27'),
('1134397993', 'KU-CS-279', 5, '2018-11-10 18:34:07'),
('1134397993', 'KU-CS-326', 4, '2018-11-11 04:06:45'),
('1134397993', 'KU-CS-329', 4, '2018-11-11 04:40:42'),
('1134397993', 'KU-CS-332', 4, '2018-11-11 04:42:51'),
('1134397993', 'KU-CS-335', 4, '2018-11-11 04:44:55'),
('1134397993', 'KU-CS-338', 4, '2018-11-11 04:46:37'),
('1134397993', 'KU-CS-340', 4, '2018-11-09 17:30:27'),
('1134397993', 'KU-CS-344', 4, '2018-11-11 05:10:38'),
('1134397993', 'KU-CS-347', 4, '2018-11-11 05:12:47'),
('1134397993', 'KU-CS-350', 4, '2018-11-11 16:25:22'),
('1134397993', 'KU-CS-353', 4, '2018-11-11 16:27:13'),
('1134694724', 'KU-CS-277', 3, '2018-11-10 18:34:07'),
('1134694724', 'KU-CS-325', 5, '2018-11-11 04:06:45'),
('1134694724', 'KU-CS-326', 5, '2018-11-11 04:06:46'),
('1134694724', 'KU-CS-327', 4, '2018-11-11 04:06:45'),
('1134694724', 'KU-CS-328', 5, '2018-11-11 04:40:42'),
('1134694724', 'KU-CS-329', 5, '2018-11-11 04:40:42'),
('1134694724', 'KU-CS-330', 4, '2018-11-11 04:40:42'),
('1134694724', 'KU-CS-331', 5, '2018-11-11 04:42:51'),
('1134694724', 'KU-CS-332', 5, '2018-11-11 04:42:51'),
('1134694724', 'KU-CS-333', 4, '2018-11-11 04:42:51'),
('1134694724', 'KU-CS-334', 5, '2018-11-11 04:44:55'),
('1134694724', 'KU-CS-335', 5, '2018-11-11 04:44:56'),
('1134694724', 'KU-CS-336', 4, '2018-11-11 04:44:55'),
('1134694724', 'KU-CS-337', 5, '2018-11-11 04:46:37'),
('1134694724', 'KU-CS-338', 5, '2018-11-11 04:46:37'),
('1134694724', 'KU-CS-339', 4, '2018-11-11 04:46:37'),
('1134694724', 'KU-CS-340', 3, '2018-11-09 17:30:27'),
('1134694724', 'KU-CS-343', 5, '2018-11-11 05:10:38'),
('1134694724', 'KU-CS-344', 5, '2018-11-11 05:10:38'),
('1134694724', 'KU-CS-345', 4, '2018-11-11 05:10:38'),
('1134694724', 'KU-CS-346', 5, '2018-11-11 05:12:47'),
('1134694724', 'KU-CS-347', 5, '2018-11-11 05:12:48'),
('1134694724', 'KU-CS-348', 4, '2018-11-11 05:12:47'),
('1134694724', 'KU-CS-349', 5, '2018-11-11 16:25:22'),
('1134694724', 'KU-CS-350', 5, '2018-11-11 16:25:22'),
('1134694724', 'KU-CS-351', 4, '2018-11-11 16:25:22'),
('1134694724', 'KU-CS-352', 5, '2018-11-11 16:27:13'),
('1134694724', 'KU-CS-353', 5, '2018-11-11 16:27:13'),
('1134694724', 'KU-CS-354', 4, '2018-11-11 16:27:13'),
('1134694724', 'KU-CS-374', 5, '2018-12-24 16:54:52'),
('1134694724', 'KU-CS-375', 5, '2018-12-24 17:45:18'),
('1188345684', 'KU-CS-278', 5, '2018-11-10 18:34:07'),
('1188345684', 'KU-CS-289', 3, '2018-11-10 19:39:22'),
('1188345684', 'KU-CS-290', 5, '2018-11-10 19:39:22'),
('1188345684', 'KU-CS-291', 5, '2018-11-10 19:39:22'),
('1188345684', 'KU-CS-292', 3, '2018-11-10 19:49:40'),
('1188345684', 'KU-CS-293', 5, '2018-11-10 19:49:40'),
('1188345684', 'KU-CS-294', 5, '2018-11-10 19:49:40'),
('1188345684', 'KU-CS-295', 3, '2018-11-10 19:56:23'),
('1188345684', 'KU-CS-296', 5, '2018-11-10 19:56:24'),
('1188345684', 'KU-CS-297', 5, '2018-11-10 19:56:24'),
('1188345684', 'KU-CS-327', 4, '2018-11-11 04:06:46'),
('1188345684', 'KU-CS-330', 4, '2018-11-11 04:40:42'),
('1188345684', 'KU-CS-333', 4, '2018-11-11 04:42:51'),
('1188345684', 'KU-CS-336', 4, '2018-11-11 04:44:56'),
('1188345684', 'KU-CS-339', 4, '2018-11-11 04:46:37'),
('1188345684', 'KU-CS-340', 5, '2018-11-09 17:30:27'),
('1188345684', 'KU-CS-345', 4, '2018-11-11 05:10:38'),
('1188345684', 'KU-CS-348', 4, '2018-11-11 05:12:48'),
('1188345684', 'KU-CS-351', 4, '2018-11-11 16:25:22'),
('1188345684', 'KU-CS-354', 4, '2018-11-11 16:27:13'),
('1188345689', 'KU-CS-279', 5, '2018-11-10 18:34:07'),
('1188345689', 'KU-CS-282', 3, '2018-11-10 19:13:37'),
('1188345689', 'KU-CS-285', 3, '2018-11-10 19:15:19'),
('1188345689', 'KU-CS-288', 3, '2018-11-10 19:18:16'),
('1188345689', 'KU-CS-289', 4, '2018-11-10 19:39:22'),
('1188345689', 'KU-CS-292', 4, '2018-11-10 19:49:40'),
('1188345689', 'KU-CS-295', 4, '2018-11-10 19:56:24'),
('1188345689', 'KU-CS-298', 5, '2018-11-11 02:57:29'),
('1188345689', 'KU-CS-299', 5, '2018-11-11 02:57:29'),
('1188345689', 'KU-CS-300', 5, '2018-11-11 02:57:29'),
('1188345689', 'KU-CS-340', 5, '2018-11-09 17:30:27'),
('1201633612', 'KU-CS-277', 5, '2018-11-10 18:34:07'),
('1201633612', 'KU-CS-278', 5, '2018-11-10 18:34:07'),
('1201633612', 'KU-CS-279', 5, '2018-11-10 18:34:07'),
('1201633612', 'KU-CS-280', 4, '2018-11-10 19:13:37'),
('1201633612', 'KU-CS-281', 4, '2018-11-10 19:13:37'),
('1201633612', 'KU-CS-282', 4, '2018-11-10 19:13:37'),
('1201633612', 'KU-CS-283', 4, '2018-11-10 19:15:19'),
('1201633612', 'KU-CS-284', 4, '2018-11-10 19:15:19'),
('1201633612', 'KU-CS-285', 4, '2018-11-10 19:15:19'),
('1201633612', 'KU-CS-286', 4, '2018-11-10 19:18:16'),
('1201633612', 'KU-CS-287', 4, '2018-11-10 19:18:16'),
('1201633612', 'KU-CS-288', 4, '2018-11-10 19:18:16'),
('1201633612', 'KU-CS-290', 4, '2018-11-10 19:39:22'),
('1201633612', 'KU-CS-293', 4, '2018-11-10 19:49:40'),
('1201633612', 'KU-CS-296', 4, '2018-11-10 19:56:24'),
('1201633612', 'KU-CS-298', 4, '2018-11-11 02:57:29'),
('1201633612', 'KU-CS-299', 5, '2018-11-11 02:57:29'),
('1201633612', 'KU-CS-300', 5, '2018-11-11 02:57:29'),
('12218006002', 'KU-CS-266', 5, '2018-11-09 18:03:58'),
('12218006002', 'KU-CS-269', 3, '2018-11-09 17:47:13'),
('12218006002', 'KU-CS-270', 1, '2018-11-09 18:03:58'),
('12218006002', 'KU-CS-303', 5, '2018-11-11 03:08:34'),
('12218006002', 'KU-CS-306', 5, '2018-11-11 03:13:04'),
('12218006002', 'KU-CS-309', 5, '2018-11-11 03:15:03'),
('12218006002', 'KU-CS-312', 5, '2018-11-11 03:49:52'),
('12218006002', 'KU-CS-315', 5, '2018-11-11 03:52:48'),
('12218006002', 'KU-CS-318', 5, '2018-11-11 03:54:39'),
('12218006002', 'KU-CS-321', 5, '2018-11-11 03:56:44'),
('12218006002', 'KU-CS-324', 5, '2018-11-11 03:59:12'),
('1234177238', 'KU-CS-231', 3, '2018-11-09 17:41:44'),
('1234177238', 'KU-CS-233', 3, '2018-11-09 17:41:44'),
('1234177238', 'KU-CS-240', 4, '2018-11-09 17:41:44'),
('1234177238', 'KU-CS-277', 4, '2018-11-10 18:34:07'),
('1234177238', 'KU-CS-325', 4, '2018-11-11 04:06:46'),
('1234177238', 'KU-CS-326', 3, '2018-11-11 04:06:46'),
('1234177238', 'KU-CS-327', 5, '2018-11-11 04:06:46'),
('1234177238', 'KU-CS-328', 4, '2018-11-11 04:40:42'),
('1234177238', 'KU-CS-329', 3, '2018-11-11 04:40:42'),
('1234177238', 'KU-CS-330', 5, '2018-11-11 04:40:42'),
('1234177238', 'KU-CS-331', 4, '2018-11-11 04:42:51'),
('1234177238', 'KU-CS-332', 3, '2018-11-11 04:42:52'),
('1234177238', 'KU-CS-333', 5, '2018-11-11 04:42:52'),
('1234177238', 'KU-CS-334', 4, '2018-11-11 04:44:56'),
('1234177238', 'KU-CS-335', 3, '2018-11-11 04:44:56'),
('1234177238', 'KU-CS-336', 5, '2018-11-11 04:44:56'),
('1234177238', 'KU-CS-337', 4, '2018-11-11 04:46:37'),
('1234177238', 'KU-CS-338', 3, '2018-11-11 04:46:37'),
('1234177238', 'KU-CS-339', 5, '2018-11-11 04:46:37'),
('1234177238', 'KU-CS-340', 3, '2018-11-13 10:39:20'),
('1234177238', 'KU-CS-343', 4, '2018-11-11 05:10:38'),
('1234177238', 'KU-CS-344', 3, '2018-11-11 05:10:38'),
('1234177238', 'KU-CS-345', 5, '2018-11-11 05:10:38'),
('1234177238', 'KU-CS-346', 4, '2018-11-11 05:12:48'),
('1234177238', 'KU-CS-347', 3, '2018-11-11 05:12:48'),
('1234177238', 'KU-CS-348', 5, '2018-11-11 05:12:48'),
('1234177238', 'KU-CS-349', 4, '2018-11-11 16:25:22'),
('1234177238', 'KU-CS-350', 3, '2018-11-11 16:25:22'),
('1234177238', 'KU-CS-351', 5, '2018-11-11 16:25:22'),
('1234177238', 'KU-CS-352', 4, '2018-11-11 16:27:13'),
('1234177238', 'KU-CS-353', 3, '2018-11-11 16:27:13'),
('1234177238', 'KU-CS-354', 5, '2018-11-11 16:27:13'),
('1234177238', 'KU-CS-374', 4, '2018-12-24 16:54:52'),
('1291946228', 'KU-CS-269', 3, '2018-11-09 17:47:13'),
('1291946228', 'KU-CS-270', 5, '2018-11-10 03:32:18'),
('1291946228', 'KU-CS-301', 4, '2018-11-11 03:08:34'),
('1291946228', 'KU-CS-304', 4, '2018-11-11 03:13:04'),
('1291946228', 'KU-CS-307', 4, '2018-11-11 03:15:03'),
('1291946228', 'KU-CS-310', 4, '2018-11-11 03:49:52'),
('1291946228', 'KU-CS-313', 4, '2018-11-11 03:52:48'),
('1291946228', 'KU-CS-316', 4, '2018-11-11 03:54:39'),
('1291946228', 'KU-CS-319', 4, '2018-11-11 03:56:44'),
('1291946228', 'KU-CS-322', 4, '2018-11-11 03:59:12'),
('1449340377', 'KU-CS-269', 5, '2018-11-10 03:32:18'),
('1449340377', 'KU-CS-270', 5, '2018-11-09 17:48:54'),
('1449340377', 'KU-CS-301', 5, '2018-11-11 03:08:34'),
('1449340377', 'KU-CS-302', 4, '2018-11-11 03:08:34'),
('1449340377', 'KU-CS-303', 4, '2018-11-11 03:08:34'),
('1449340377', 'KU-CS-304', 5, '2018-11-11 03:13:04'),
('1449340377', 'KU-CS-305', 4, '2018-11-11 03:13:04'),
('1449340377', 'KU-CS-306', 4, '2018-11-11 03:13:04'),
('1449340377', 'KU-CS-307', 5, '2018-11-11 03:15:03'),
('1449340377', 'KU-CS-308', 4, '2018-11-11 03:15:03'),
('1449340377', 'KU-CS-309', 4, '2018-11-11 03:15:03'),
('1449340377', 'KU-CS-310', 5, '2018-11-11 03:49:52'),
('1449340377', 'KU-CS-311', 4, '2018-11-11 03:49:52'),
('1449340377', 'KU-CS-312', 4, '2018-11-11 03:49:52'),
('1449340377', 'KU-CS-313', 5, '2018-11-11 03:52:48'),
('1449340377', 'KU-CS-314', 4, '2018-11-11 03:52:48'),
('1449340377', 'KU-CS-315', 4, '2018-11-11 03:52:48'),
('1449340377', 'KU-CS-316', 5, '2018-11-11 03:54:40'),
('1449340377', 'KU-CS-317', 4, '2018-11-11 03:54:39'),
('1449340377', 'KU-CS-318', 4, '2018-11-11 03:54:40'),
('1449340377', 'KU-CS-319', 5, '2018-11-11 03:56:44'),
('1449340377', 'KU-CS-320', 4, '2018-11-11 03:56:44'),
('1449340377', 'KU-CS-321', 4, '2018-11-11 03:56:44'),
('1449340377', 'KU-CS-322', 5, '2018-11-11 03:59:12'),
('1449340377', 'KU-CS-323', 4, '2018-11-11 03:59:12'),
('1449340377', 'KU-CS-324', 4, '2018-11-11 03:59:12'),
('1449355730', 'KU-CS-266', 3, '2018-11-10 03:32:18'),
('1449355730', 'KU-CS-269', 5, '2018-11-10 03:38:02'),
('1449355730', 'KU-CS-270', 1, '2018-11-09 17:48:55'),
('1449355730', 'KU-CS-302', 5, '2018-11-11 03:08:34'),
('1449355730', 'KU-CS-305', 5, '2018-11-11 03:13:04'),
('1449355730', 'KU-CS-308', 5, '2018-11-11 03:15:03'),
('1449355730', 'KU-CS-311', 5, '2018-11-11 03:49:52'),
('1449355730', 'KU-CS-314', 5, '2018-11-11 03:52:48'),
('1449355730', 'KU-CS-317', 5, '2018-11-11 03:54:40'),
('1449355730', 'KU-CS-320', 5, '2018-11-11 03:56:44'),
('1449355730', 'KU-CS-324', 5, '2018-11-11 03:59:12'),
('1449355730', 'KU-CS-374', 5, '2018-12-24 16:54:52'),
('1449363758', 'KU-CS-279', 4, '2018-11-10 18:34:07'),
('1449363758', 'KU-CS-280', 5, '2018-11-10 19:13:37'),
('1449363758', 'KU-CS-283', 5, '2018-11-10 19:15:19'),
('1449363758', 'KU-CS-286', 5, '2018-11-10 19:18:16'),
('1449363758', 'KU-CS-291', 4, '2018-11-10 19:39:22'),
('1449363758', 'KU-CS-294', 4, '2018-11-10 19:49:41'),
('1449363758', 'KU-CS-297', 4, '2018-11-10 19:56:24'),
('1449363758', 'KU-CS-299', 5, '2018-11-11 02:57:29'),
('1449390544', 'KU-CS-278', 4, '2018-11-10 18:34:07'),
('1449390544', 'KU-CS-281', 5, '2018-11-10 19:13:37'),
('1449390544', 'KU-CS-282', 5, '2018-11-10 19:13:37'),
('1449390544', 'KU-CS-284', 5, '2018-11-10 19:15:19'),
('1449390544', 'KU-CS-285', 5, '2018-11-10 19:15:19'),
('1449390544', 'KU-CS-287', 5, '2018-11-10 19:18:16'),
('1449390544', 'KU-CS-288', 5, '2018-11-10 19:18:16'),
('1449390544', 'KU-CS-298', 5, '2018-11-11 02:57:29'),
('1449390544', 'KU-CS-299', 4, '2018-11-11 02:57:29'),
('1449390544', 'KU-CS-300', 4, '2018-11-11 02:57:29'),
('1490568967', 'KU-CS-277', 5, '2018-11-10 18:34:07'),
('1490568967', 'KU-CS-278', 5, '2018-11-10 18:34:07'),
('1490568967', 'KU-CS-279', 4, '2018-11-10 18:34:07'),
('1490568967', 'KU-CS-280', 5, '2018-11-10 19:13:37'),
('1490568967', 'KU-CS-281', 5, '2018-11-10 19:13:38'),
('1490568967', 'KU-CS-282', 5, '2018-11-10 19:13:38'),
('1490568967', 'KU-CS-283', 5, '2018-11-10 19:15:19'),
('1490568967', 'KU-CS-284', 5, '2018-11-10 19:15:19'),
('1490568967', 'KU-CS-285', 5, '2018-11-10 19:15:19'),
('1490568967', 'KU-CS-286', 5, '2018-11-10 19:18:16'),
('1490568967', 'KU-CS-287', 5, '2018-11-10 19:18:16'),
('1490568967', 'KU-CS-288', 5, '2018-11-10 19:18:17'),
('1490568967', 'KU-CS-289', 5, '2018-11-10 19:39:22'),
('1490568967', 'KU-CS-290', 5, '2018-11-10 19:39:22'),
('1490568967', 'KU-CS-291', 5, '2018-11-10 19:39:22'),
('1490568967', 'KU-CS-292', 5, '2018-11-10 19:49:40'),
('1490568967', 'KU-CS-293', 5, '2018-11-10 19:49:40'),
('1490568967', 'KU-CS-294', 5, '2018-11-10 19:49:40'),
('1490568967', 'KU-CS-295', 5, '2018-11-10 19:56:24'),
('1490568967', 'KU-CS-296', 5, '2018-11-10 19:56:24'),
('1490568967', 'KU-CS-297', 5, '2018-11-10 19:56:24'),
('1490568967', 'KU-CS-300', 4, '2018-11-11 02:57:30'),
('1491905018', 'KU-CS-277', 4, '2018-11-10 18:34:07'),
('1491905018', 'KU-CS-280', 3, '2018-11-10 19:13:37'),
('1491905018', 'KU-CS-281', 5, '2018-11-10 19:13:37'),
('1491905018', 'KU-CS-282', 5, '2018-11-10 19:13:37'),
('1491905018', 'KU-CS-283', 3, '2018-11-10 19:15:19'),
('1491905018', 'KU-CS-284', 5, '2018-11-10 19:15:19'),
('1491905018', 'KU-CS-285', 5, '2018-11-10 19:15:19'),
('1491905018', 'KU-CS-286', 3, '2018-11-10 19:18:16'),
('1491905018', 'KU-CS-287', 5, '2018-11-10 19:18:16'),
('1491905018', 'KU-CS-288', 5, '2018-11-10 19:18:16'),
('1491905018', 'KU-CS-298', 4, '2018-11-11 02:57:30'),
('1491905018', 'KU-CS-299', 3, '2018-11-11 02:57:30'),
('1491905018', 'KU-CS-300', 5, '2018-11-11 02:57:30'),
('1491918667', 'KU-CS-278', 3, '2018-11-10 18:34:07'),
('1491918667', 'KU-CS-280', 4, '2018-11-10 19:13:38'),
('1491918667', 'KU-CS-283', 4, '2018-11-10 19:15:19'),
('1491918667', 'KU-CS-286', 4, '2018-11-10 19:18:17'),
('1491918667', 'KU-CS-298', 4, '2018-11-11 02:57:30'),
('1491918667', 'KU-CS-299', 3, '2018-11-11 02:57:30'),
('1491918667', 'KU-CS-300', 5, '2018-11-11 02:57:30'),
('1491936088', 'KU-CS-279', 5, '2018-11-10 18:34:07'),
('1491936088', 'KU-CS-281', 4, '2018-11-10 19:13:38'),
('1491936088', 'KU-CS-284', 4, '2018-11-10 19:15:19'),
('1491936088', 'KU-CS-287', 4, '2018-11-10 19:18:17'),
('1491936088', 'KU-CS-298', 4, '2018-11-11 02:57:30'),
('1491946008', 'KU-CS-269', 5, '2018-11-10 03:33:39'),
('1491946008', 'KU-CS-270', 4, '2018-11-09 17:48:55'),
('1491946008', 'KU-CS-303', 4, '2018-11-11 03:08:34'),
('1491946008', 'KU-CS-306', 4, '2018-11-11 03:13:04'),
('1491946008', 'KU-CS-309', 4, '2018-11-11 03:15:03'),
('1491946008', 'KU-CS-312', 4, '2018-11-11 03:49:52'),
('1491946008', 'KU-CS-315', 4, '2018-11-11 03:52:48'),
('1491946008', 'KU-CS-318', 4, '2018-11-11 03:54:40'),
('1491946008', 'KU-CS-321', 4, '2018-11-11 03:56:44'),
('1491946008', 'KU-CS-323', 4, '2018-11-11 03:59:12'),
('1491958863', 'KU-CS-277', 4, '2018-11-10 18:34:08'),
('1491958863', 'KU-CS-282', 4, '2018-11-10 19:13:38'),
('1491958863', 'KU-CS-285', 4, '2018-11-10 19:15:20'),
('1491958863', 'KU-CS-288', 4, '2018-11-10 19:18:17'),
('1491958863', 'KU-CS-299', 3, '2018-11-11 02:57:30'),
('1491958863', 'KU-CS-375', 4, '2018-12-24 17:45:18'),
('14933946234', 'KU-CS-266', 5, '2018-11-09 18:14:04'),
('14933946234', 'KU-CS-270', 5, '2018-11-10 03:33:39'),
('14933946234', 'KU-CS-301', 4, '2018-11-11 03:08:34'),
('14933946234', 'KU-CS-304', 4, '2018-11-11 03:13:04'),
('14933946234', 'KU-CS-307', 4, '2018-11-11 03:15:03'),
('14933946234', 'KU-CS-310', 4, '2018-11-11 03:49:52'),
('14933946234', 'KU-CS-313', 4, '2018-11-11 03:52:48'),
('14933946234', 'KU-CS-316', 4, '2018-11-11 03:54:40'),
('14933946234', 'KU-CS-319', 4, '2018-11-11 03:56:44'),
('14933946234', 'KU-CS-322', 4, '2018-11-11 03:59:12'),
('1549578669', 'KU-CS-278', 5, '2018-11-10 18:34:08'),
('1549578669', 'KU-CS-280', 5, '2018-11-10 19:13:38'),
('1549578669', 'KU-CS-283', 5, '2018-11-10 19:15:20'),
('1549578669', 'KU-CS-286', 5, '2018-11-10 19:18:17'),
('1549578669', 'KU-CS-300', 5, '2018-11-11 02:57:30'),
('1596008678', 'KU-CS-279', 4, '2018-11-10 18:34:08'),
('1596008678', 'KU-CS-281', 5, '2018-11-10 19:13:38'),
('1596008678', 'KU-CS-284', 5, '2018-11-10 19:15:20'),
('1596008678', 'KU-CS-287', 5, '2018-11-10 19:18:17'),
('1596008678', 'KU-CS-298', 4, '2018-11-11 02:57:30'),
('1596008678', 'KU-CS-375', 3, '2018-12-24 17:45:18'),
('1596009208', 'KU-CS-233', 5, '2018-11-09 17:34:09'),
('1596009208', 'KU-CS-277', 4, '2018-11-10 18:34:08'),
('1596009208', 'KU-CS-278', 5, '2018-11-10 18:34:08'),
('1596009208', 'KU-CS-279', 4, '2018-11-10 18:34:08'),
('1596009208', 'KU-CS-325', 4, '2018-11-11 04:06:46'),
('1596009208', 'KU-CS-326', 3, '2018-11-11 04:06:46'),
('1596009208', 'KU-CS-327', 5, '2018-11-11 04:06:46'),
('1596009208', 'KU-CS-328', 4, '2018-11-11 04:40:42'),
('1596009208', 'KU-CS-329', 3, '2018-11-11 04:40:42'),
('1596009208', 'KU-CS-330', 5, '2018-11-11 04:40:42'),
('1596009208', 'KU-CS-331', 4, '2018-11-11 04:42:52'),
('1596009208', 'KU-CS-332', 3, '2018-11-11 04:42:52'),
('1596009208', 'KU-CS-333', 5, '2018-11-11 04:42:52'),
('1596009208', 'KU-CS-334', 4, '2018-11-11 04:44:56'),
('1596009208', 'KU-CS-335', 3, '2018-11-11 04:44:56'),
('1596009208', 'KU-CS-336', 5, '2018-11-11 04:44:56'),
('1596009208', 'KU-CS-337', 4, '2018-11-11 04:46:37'),
('1596009208', 'KU-CS-338', 3, '2018-11-11 04:46:37'),
('1596009208', 'KU-CS-339', 5, '2018-11-11 04:46:38'),
('1596009208', 'KU-CS-343', 4, '2018-11-11 05:10:38'),
('1596009208', 'KU-CS-344', 3, '2018-11-11 05:10:39'),
('1596009208', 'KU-CS-345', 5, '2018-11-11 05:10:39'),
('1596009208', 'KU-CS-346', 4, '2018-11-11 05:12:48'),
('1596009208', 'KU-CS-347', 3, '2018-11-11 05:12:48'),
('1596009208', 'KU-CS-348', 5, '2018-11-11 05:12:48'),
('1596009208', 'KU-CS-349', 4, '2018-11-11 16:25:22'),
('1596009208', 'KU-CS-350', 3, '2018-11-11 16:25:22'),
('1596009208', 'KU-CS-351', 5, '2018-11-11 16:25:22'),
('1596009208', 'KU-CS-352', 4, '2018-11-11 16:27:13'),
('1596009208', 'KU-CS-353', 3, '2018-11-11 16:27:14'),
('1596009208', 'KU-CS-354', 5, '2018-11-11 16:27:14'),
('1596009208', 'KU-CS-374', 5, '2018-12-24 16:54:52'),
('1596158106', 'KU-CS-266', 3, '2018-11-10 03:33:39'),
('1596158106', 'KU-CS-270', 3, '2018-11-09 17:48:55'),
('1596158106', 'KU-CS-302', 3, '2018-11-11 03:08:35'),
('1596158106', 'KU-CS-305', 3, '2018-11-11 03:13:04'),
('1596158106', 'KU-CS-308', 3, '2018-11-11 03:15:03'),
('1596158106', 'KU-CS-311', 3, '2018-11-11 03:49:53'),
('1596158106', 'KU-CS-314', 3, '2018-11-11 03:52:48'),
('1596158106', 'KU-CS-317', 3, '2018-11-11 03:54:40'),
('1596158106', 'KU-CS-320', 3, '2018-11-11 03:56:44'),
('1596158106', 'KU-CS-323', 3, '2018-11-11 03:59:13'),
('1596159900', 'KU-CS-233', 5, '2018-11-09 17:34:09'),
('1596159900', 'KU-CS-277', 4, '2018-11-10 18:34:08'),
('1596159900', 'KU-CS-278', 5, '2018-11-10 18:34:08'),
('1596159900', 'KU-CS-279', 4, '2018-11-10 18:34:08'),
('1596159900', 'KU-CS-282', 4, '2018-11-10 19:13:38'),
('1596159900', 'KU-CS-285', 4, '2018-11-10 19:15:20'),
('1596159900', 'KU-CS-288', 4, '2018-11-10 19:18:17'),
('1596159900', 'KU-CS-299', 3, '2018-11-11 02:57:30'),
('1596159900', 'KU-CS-302', 3, '2018-11-11 03:08:35'),
('1596159900', 'KU-CS-305', 3, '2018-11-11 03:13:05'),
('1596159900', 'KU-CS-308', 3, '2018-11-11 03:15:03'),
('1596159900', 'KU-CS-311', 3, '2018-11-11 03:49:53'),
('1596159900', 'KU-CS-314', 3, '2018-11-11 03:52:48'),
('1596159900', 'KU-CS-317', 3, '2018-11-11 03:54:40'),
('1596159900', 'KU-CS-320', 3, '2018-11-11 03:56:45'),
('1596159900', 'KU-CS-323', 3, '2018-11-11 03:59:13'),
('1680502883', 'KU-CS-233', 4, '2018-11-09 17:34:09'),
('1680502883', 'KU-CS-278', 5, '2018-11-10 18:34:08'),
('1680502883', 'KU-CS-280', 4, '2018-11-10 19:13:38'),
('1680502883', 'KU-CS-281', 3, '2018-11-10 19:13:38'),
('1680502883', 'KU-CS-282', 5, '2018-11-10 19:13:38'),
('1680502883', 'KU-CS-283', 4, '2018-11-10 19:15:20'),
('1680502883', 'KU-CS-284', 3, '2018-11-10 19:15:20'),
('1680502883', 'KU-CS-285', 5, '2018-11-10 19:15:20'),
('1680502883', 'KU-CS-286', 4, '2018-11-10 19:18:17'),
('1680502883', 'KU-CS-287', 3, '2018-11-10 19:18:17'),
('1680502883', 'KU-CS-288', 5, '2018-11-10 19:18:17'),
('1680502883', 'KU-CS-300', 5, '2018-11-11 02:57:30'),
('1680502883', 'KU-CS-326', 3, '2018-11-11 04:06:46'),
('1680502883', 'KU-CS-327', 5, '2018-11-11 04:06:46'),
('1680502883', 'KU-CS-329', 3, '2018-11-11 04:40:43'),
('1680502883', 'KU-CS-330', 5, '2018-11-11 04:40:43'),
('1680502883', 'KU-CS-332', 3, '2018-11-11 04:42:52'),
('1680502883', 'KU-CS-333', 5, '2018-11-11 04:42:52'),
('1680502883', 'KU-CS-335', 3, '2018-11-11 04:44:56'),
('1680502883', 'KU-CS-336', 5, '2018-11-11 04:44:56'),
('1680502883', 'KU-CS-338', 3, '2018-11-11 04:46:38'),
('1680502883', 'KU-CS-339', 5, '2018-11-11 04:46:38'),
('1680502883', 'KU-CS-344', 3, '2018-11-11 05:10:39'),
('1680502883', 'KU-CS-345', 5, '2018-11-11 05:10:39'),
('1680502883', 'KU-CS-347', 3, '2018-11-11 05:12:48'),
('1680502883', 'KU-CS-348', 5, '2018-11-11 05:12:48'),
('1680502883', 'KU-CS-350', 3, '2018-11-11 16:25:23'),
('1680502883', 'KU-CS-351', 5, '2018-11-11 16:25:23'),
('1680502883', 'KU-CS-353', 3, '2018-11-11 16:27:14'),
('1680502883', 'KU-CS-354', 5, '2018-11-11 16:27:14'),
('1680505467', 'KU-CS-233', 1, '2018-11-09 17:34:09'),
('1680505467', 'KU-CS-277', 4, '2018-11-10 18:34:08'),
('1680505467', 'KU-CS-280', 4, '2018-11-10 19:13:38'),
('1680505467', 'KU-CS-283', 4, '2018-11-10 19:15:20'),
('1680505467', 'KU-CS-286', 4, '2018-11-10 19:18:17'),
('1680505467', 'KU-CS-298', 4, '2018-11-11 02:57:30'),
('1680505467', 'KU-CS-299', 3, '2018-11-11 02:57:30'),
('1680505467', 'KU-CS-300', 5, '2018-11-11 02:57:30'),
('1680505467', 'KU-CS-325', 4, '2018-11-11 04:06:46'),
('1680505467', 'KU-CS-328', 4, '2018-11-11 04:40:42'),
('1680505467', 'KU-CS-331', 4, '2018-11-11 04:42:52'),
('1680505467', 'KU-CS-334', 4, '2018-11-11 04:44:56'),
('1680505467', 'KU-CS-337', 4, '2018-11-11 04:46:38'),
('1680505467', 'KU-CS-343', 4, '2018-11-11 05:10:39'),
('1680505467', 'KU-CS-346', 4, '2018-11-11 05:12:48'),
('1680505467', 'KU-CS-349', 4, '2018-11-11 16:25:22'),
('1680505467', 'KU-CS-352', 4, '2018-11-11 16:27:14'),
('17761581877', 'KU-CS-233', 5, '2018-11-09 17:34:09'),
('17761581877', 'KU-CS-279', 4, '2018-11-10 18:34:08'),
('17761581877', 'KU-CS-281', 3, '2018-11-10 19:13:38'),
('17761581877', 'KU-CS-284', 3, '2018-11-10 19:15:20'),
('17761581877', 'KU-CS-287', 3, '2018-11-10 19:18:17'),
('17761581877', 'KU-CS-298', 4, '2018-11-11 02:57:30'),
('17761581877', 'KU-CS-299', 3, '2018-11-11 02:57:30'),
('17761581877', 'KU-CS-300', 5, '2018-11-11 02:57:30'),
('1780134685991', 'KU-CS-325', 4, '2018-11-11 04:06:46'),
('1780134685991', 'KU-CS-326', 3, '2018-11-11 04:06:46'),
('1780134685991', 'KU-CS-327', 5, '2018-11-11 04:06:46'),
('1780134685991', 'KU-CS-328', 4, '2018-11-11 04:40:42'),
('1780134685991', 'KU-CS-329', 3, '2018-11-11 04:40:42'),
('1780134685991', 'KU-CS-330', 5, '2018-11-11 04:40:42'),
('1780134685991', 'KU-CS-331', 4, '2018-11-11 04:42:52'),
('1780134685991', 'KU-CS-332', 3, '2018-11-11 04:42:52'),
('1780134685991', 'KU-CS-333', 5, '2018-11-11 04:42:52'),
('1780134685991', 'KU-CS-334', 4, '2018-11-11 04:44:56'),
('1780134685991', 'KU-CS-335', 3, '2018-11-11 04:44:56'),
('1780134685991', 'KU-CS-336', 5, '2018-11-11 04:44:56'),
('1780134685991', 'KU-CS-337', 4, '2018-11-11 04:46:38'),
('1780134685991', 'KU-CS-338', 3, '2018-11-11 04:46:38'),
('1780134685991', 'KU-CS-339', 5, '2018-11-11 04:46:38'),
('1780134685991', 'KU-CS-343', 4, '2018-11-11 05:10:39'),
('1780134685991', 'KU-CS-344', 3, '2018-11-11 05:10:39'),
('1780134685991', 'KU-CS-345', 5, '2018-11-11 05:10:39'),
('1780134685991', 'KU-CS-346', 4, '2018-11-11 05:12:48'),
('1780134685991', 'KU-CS-347', 3, '2018-11-11 05:12:48'),
('1780134685991', 'KU-CS-348', 5, '2018-11-11 05:12:48'),
('1780134685991', 'KU-CS-349', 4, '2018-11-11 16:25:22'),
('1780134685991', 'KU-CS-350', 3, '2018-11-11 16:25:22'),
('1780134685991', 'KU-CS-351', 5, '2018-11-11 16:25:22'),
('1780134685991', 'KU-CS-352', 4, '2018-11-11 16:27:14'),
('1780134685991', 'KU-CS-353', 3, '2018-11-11 16:27:14'),
('1780134685991', 'KU-CS-354', 5, '2018-11-11 16:27:14'),
('17811853122', 'KU-CS-266', 5, '2018-11-09 17:50:34'),
('17811853122', 'KU-CS-269', 5, '2018-11-10 03:34:39'),
('17811853122', 'KU-CS-303', 5, '2018-11-11 03:08:35'),
('17811853122', 'KU-CS-306', 5, '2018-11-11 03:13:05'),
('17811853122', 'KU-CS-309', 5, '2018-11-11 03:15:03'),
('17811853122', 'KU-CS-312', 5, '2018-11-11 03:49:53'),
('17811853122', 'KU-CS-315', 5, '2018-11-11 03:52:48'),
('17811853122', 'KU-CS-318', 5, '2018-11-11 03:54:40'),
('17811853122', 'KU-CS-321', 5, '2018-11-11 03:56:44'),
('17811853122', 'KU-CS-324', 5, '2018-11-11 03:59:13'),
('17811853162', 'KU-CS-266', 1, '2018-11-09 17:50:35'),
('17811853162', 'KU-CS-270', 5, '2018-11-10 03:34:39'),
('17811853162', 'KU-CS-301', 4, '2018-11-11 03:08:35'),
('17811853162', 'KU-CS-302', 3, '2018-11-11 03:08:35'),
('17811853162', 'KU-CS-303', 5, '2018-11-11 03:08:35'),
('17811853162', 'KU-CS-304', 4, '2018-11-11 03:13:05'),
('17811853162', 'KU-CS-305', 3, '2018-11-11 03:13:05'),
('17811853162', 'KU-CS-306', 5, '2018-11-11 03:13:05'),
('17811853162', 'KU-CS-307', 4, '2018-11-11 03:15:03'),
('17811853162', 'KU-CS-308', 3, '2018-11-11 03:15:03'),
('17811853162', 'KU-CS-309', 5, '2018-11-11 03:15:03'),
('17811853162', 'KU-CS-310', 4, '2018-11-11 03:49:53'),
('17811853162', 'KU-CS-311', 3, '2018-11-11 03:49:53'),
('17811853162', 'KU-CS-312', 5, '2018-11-11 03:49:53'),
('17811853162', 'KU-CS-313', 4, '2018-11-11 03:52:48'),
('17811853162', 'KU-CS-314', 3, '2018-11-11 03:52:48'),
('17811853162', 'KU-CS-315', 5, '2018-11-11 03:52:48'),
('17811853162', 'KU-CS-316', 4, '2018-11-11 03:54:40'),
('17811853162', 'KU-CS-317', 3, '2018-11-11 03:54:40'),
('17811853162', 'KU-CS-318', 5, '2018-11-11 03:54:40'),
('17811853162', 'KU-CS-319', 4, '2018-11-11 03:56:44'),
('17811853162', 'KU-CS-320', 3, '2018-11-11 03:56:44'),
('17811853162', 'KU-CS-321', 5, '2018-11-11 03:56:45'),
('17811853162', 'KU-CS-322', 4, '2018-11-11 03:59:13'),
('17811853162', 'KU-CS-323', 3, '2018-11-11 03:59:13'),
('17811853162', 'KU-CS-324', 5, '2018-11-11 03:59:13'),
('17811853162', 'KU-CS-374', 4, '2018-12-24 16:54:52'),
('17811853164', 'KU-CS-277', 4, '2018-11-10 18:34:08'),
('17811853164', 'KU-CS-278', 5, '2018-11-10 18:34:08'),
('17811853164', 'KU-CS-279', 4, '2018-11-10 18:34:08'),
('17811853164', 'KU-CS-282', 5, '2018-11-10 19:13:38'),
('17811853164', 'KU-CS-285', 5, '2018-11-10 19:15:20'),
('17811853164', 'KU-CS-288', 5, '2018-11-10 19:18:17'),
('17811853164', 'KU-CS-298', 4, '2018-11-11 02:57:30'),
('17811853164', 'KU-CS-326', 3, '2018-11-11 04:06:46'),
('17811853164', 'KU-CS-327', 5, '2018-11-11 04:06:46'),
('17811853164', 'KU-CS-329', 3, '2018-11-11 04:40:42'),
('17811853164', 'KU-CS-330', 5, '2018-11-11 04:40:42'),
('17811853164', 'KU-CS-332', 3, '2018-11-11 04:42:52'),
('17811853164', 'KU-CS-333', 5, '2018-11-11 04:42:52'),
('17811853164', 'KU-CS-335', 3, '2018-11-11 04:44:56'),
('17811853164', 'KU-CS-336', 5, '2018-11-11 04:44:56'),
('17811853164', 'KU-CS-338', 3, '2018-11-11 04:46:38'),
('17811853164', 'KU-CS-339', 5, '2018-11-11 04:46:38'),
('17811853164', 'KU-CS-344', 3, '2018-11-11 05:10:39'),
('17811853164', 'KU-CS-345', 5, '2018-11-11 05:10:39'),
('17811853164', 'KU-CS-347', 3, '2018-11-11 05:12:48'),
('17811853164', 'KU-CS-348', 5, '2018-11-11 05:12:48'),
('17811853164', 'KU-CS-350', 3, '2018-11-11 16:25:22'),
('17811853164', 'KU-CS-351', 5, '2018-11-11 16:25:22'),
('17811853164', 'KU-CS-353', 3, '2018-11-11 16:27:14'),
('17811853164', 'KU-CS-354', 5, '2018-11-11 16:27:14'),
('17811855162', 'KU-CS-266', 3, '2018-11-10 03:34:39'),
('19961581888', 'KU-CS-266', 4, '2018-11-09 17:50:35'),
('19961581888', 'KU-CS-269', 5, '2018-11-10 03:35:31'),
('19961581888', 'KU-CS-301', 4, '2018-11-11 03:08:35'),
('19961581888', 'KU-CS-302', 3, '2018-11-11 03:08:35'),
('19961581888', 'KU-CS-303', 5, '2018-11-11 03:08:35'),
('19961581888', 'KU-CS-304', 4, '2018-11-11 03:13:05'),
('19961581888', 'KU-CS-305', 3, '2018-11-11 03:13:05'),
('19961581888', 'KU-CS-306', 5, '2018-11-11 03:13:05'),
('19961581888', 'KU-CS-307', 4, '2018-11-11 03:15:03'),
('19961581888', 'KU-CS-308', 3, '2018-11-11 03:15:04'),
('19961581888', 'KU-CS-309', 5, '2018-11-11 03:15:03'),
('19961581888', 'KU-CS-310', 4, '2018-11-11 03:49:53'),
('19961581888', 'KU-CS-311', 3, '2018-11-11 03:49:53'),
('19961581888', 'KU-CS-312', 5, '2018-11-11 03:49:53'),
('19961581888', 'KU-CS-313', 4, '2018-11-11 03:52:49'),
('19961581888', 'KU-CS-314', 3, '2018-11-11 03:52:49'),
('19961581888', 'KU-CS-315', 5, '2018-11-11 03:52:49'),
('19961581888', 'KU-CS-316', 4, '2018-11-11 03:54:40'),
('19961581888', 'KU-CS-317', 3, '2018-11-11 03:54:40'),
('19961581888', 'KU-CS-318', 5, '2018-11-11 03:54:40'),
('19961581888', 'KU-CS-319', 4, '2018-11-11 03:56:45'),
('19961581888', 'KU-CS-320', 3, '2018-11-11 03:56:45'),
('19961581888', 'KU-CS-321', 5, '2018-11-11 03:56:45'),
('19961581888', 'KU-CS-322', 4, '2018-11-11 03:59:13'),
('19961581888', 'KU-CS-323', 3, '2018-11-11 03:59:13'),
('19961581888', 'KU-CS-324', 5, '2018-11-11 03:59:13'),
('19961581888', 'KU-CS-374', 3, '2018-12-24 16:54:52'),
('2124122590', 'KU-CS-360', 5, '2018-11-11 19:07:56'),
('2124122590', 'KU-CS-361', 5, '2018-11-11 19:07:56'),
('2124122590', 'KU-CS-362', 5, '2018-11-11 19:07:56'),
('2124122590', 'KU-CS-363', 5, '2018-11-11 19:08:59'),
('2124122590', 'KU-CS-364', 5, '2018-11-11 19:08:59'),
('2124122590', 'KU-CS-365', 5, '2018-11-11 19:08:59'),
('2124122590', 'KU-CS-366', 5, '2018-11-11 19:10:52'),
('2124122590', 'KU-CS-367', 5, '2018-11-11 19:10:52'),
('2124122590', 'KU-CS-368', 5, '2018-11-11 19:10:52'),
('2124122590', 'KU-CS-369', 5, '2018-11-11 19:12:57'),
('2124122590', 'KU-CS-370', 5, '2018-11-11 19:12:57'),
('2134100543', 'KU-CS-360', 3, '2018-11-11 19:07:56'),
('2134100543', 'KU-CS-361', 5, '2018-11-11 19:07:56'),
('2134100543', 'KU-CS-362', 5, '2018-11-11 19:07:56'),
('2134100543', 'KU-CS-363', 3, '2018-11-11 19:08:59'),
('2134100543', 'KU-CS-364', 5, '2018-11-11 19:08:59'),
('2134100543', 'KU-CS-365', 5, '2018-11-11 19:08:59'),
('2134100543', 'KU-CS-366', 3, '2018-11-11 19:10:52'),
('2134100543', 'KU-CS-367', 5, '2018-11-11 19:10:52'),
('2134100543', 'KU-CS-368', 5, '2018-11-11 19:10:52'),
('2134100543', 'KU-CS-369', 3, '2018-11-11 19:12:58'),
('2134100543', 'KU-CS-370', 5, '2018-11-11 19:12:58'),
('2134177990', 'KU-CS-360', 4, '2018-11-11 19:07:56'),
('2134177990', 'KU-CS-363', 4, '2018-11-11 19:08:59'),
('2134177990', 'KU-CS-366', 4, '2018-11-11 19:10:52'),
('2134177990', 'KU-CS-369', 4, '2018-11-11 19:12:58'),
('215698324', 'KU-CS-301', 4, '2018-11-11 03:08:35'),
('215698324', 'KU-CS-304', 4, '2018-11-11 03:13:05'),
('215698324', 'KU-CS-307', 4, '2018-11-11 03:15:03'),
('215698324', 'KU-CS-310', 4, '2018-11-11 03:49:53'),
('215698324', 'KU-CS-313', 4, '2018-11-11 03:52:48'),
('215698324', 'KU-CS-316', 4, '2018-11-11 03:54:40'),
('215698324', 'KU-CS-319', 4, '2018-11-11 03:56:45'),
('215698324', 'KU-CS-322', 4, '2018-11-11 03:59:13'),
('215698324', 'KU-CS-361', 3, '2018-11-11 19:07:56'),
('215698324', 'KU-CS-364', 4, '2018-11-11 19:08:59'),
('215698324', 'KU-CS-367', 4, '2018-11-11 19:10:52'),
('215698324', 'KU-CS-370', 4, '2018-11-11 19:12:58'),
('2184920301', 'KU-CS-361', 1, '2018-11-11 19:21:38'),
('2184920301', 'KU-CS-362', 4, '2018-11-11 19:07:56'),
('2184920301', 'KU-CS-365', 4, '2018-11-11 19:08:59'),
('2184920301', 'KU-CS-368', 4, '2018-11-11 19:10:52'),
('2184920303', 'KU-CS-360', 5, '2018-11-11 19:07:56'),
('2184920303', 'KU-CS-363', 5, '2018-11-11 19:08:59'),
('2184920303', 'KU-CS-366', 5, '2018-11-11 19:10:53'),
('2184920303', 'KU-CS-369', 5, '2018-11-11 19:12:58'),
('2184920316', 'KU-CS-361', 5, '2018-11-11 19:07:56'),
('2184920316', 'KU-CS-364', 5, '2018-11-11 19:08:59'),
('2184920316', 'KU-CS-367', 5, '2018-11-11 19:10:53'),
('2184920316', 'KU-CS-370', 5, '2018-11-11 19:12:58'),
('2280505469', 'KU-CS-362', 4, '2018-11-11 19:07:56'),
('2280505469', 'KU-CS-365', 4, '2018-11-11 19:08:59'),
('2280505469', 'KU-CS-368', 4, '2018-11-11 19:10:53'),
('22811852164', 'KU-CS-360', 4, '2018-11-11 19:07:56'),
('22811852164', 'KU-CS-363', 4, '2018-11-11 19:08:59'),
('22811852164', 'KU-CS-366', 4, '2018-11-11 19:10:53'),
('22811852164', 'KU-CS-369', 4, '2018-11-11 19:12:58'),
('2449340332', 'KU-CS-361', 3, '2018-11-11 19:07:56'),
('2449340332', 'KU-CS-362', 5, '2018-11-11 19:07:56'),
('2449340332', 'KU-CS-364', 3, '2018-11-11 19:08:59'),
('2449340332', 'KU-CS-365', 5, '2018-11-11 19:08:59'),
('2449340332', 'KU-CS-367', 3, '2018-11-11 19:10:53'),
('2449340332', 'KU-CS-368', 5, '2018-11-11 19:10:53'),
('2449340332', 'KU-CS-370', 3, '2018-11-11 19:12:58'),
('77811853121', 'KU-CS-280', 4, '2018-11-10 19:13:38'),
('77811853121', 'KU-CS-281', 3, '2018-11-10 19:13:38'),
('77811853121', 'KU-CS-282', 5, '2018-11-10 19:13:38'),
('77811853121', 'KU-CS-283', 4, '2018-11-10 19:15:20'),
('77811853121', 'KU-CS-284', 3, '2018-11-10 19:15:20'),
('77811853121', 'KU-CS-285', 5, '2018-11-10 19:15:20'),
('77811853121', 'KU-CS-286', 4, '2018-11-10 19:18:17'),
('77811853121', 'KU-CS-287', 3, '2018-11-10 19:18:17'),
('77811853121', 'KU-CS-288', 5, '2018-11-10 19:18:17'),
('77811853121', 'KU-CS-299', 3, '2018-11-11 02:57:30'),
('77811853121', 'KU-CS-300', 5, '2018-11-11 02:57:30'),
('77811853121', 'KU-CS-325', 4, '2018-11-11 04:06:46'),
('77811853121', 'KU-CS-328', 4, '2018-11-11 04:40:42'),
('77811853121', 'KU-CS-331', 4, '2018-11-11 04:42:52'),
('77811853121', 'KU-CS-334', 4, '2018-11-11 04:44:56'),
('77811853121', 'KU-CS-337', 4, '2018-11-11 04:46:38'),
('77811853121', 'KU-CS-343', 4, '2018-11-11 05:10:39'),
('77811853121', 'KU-CS-346', 4, '2018-11-11 05:12:48'),
('77811853121', 'KU-CS-349', 4, '2018-11-11 16:25:22'),
('77811853121', 'KU-CS-352', 4, '2018-11-11 16:27:14'),
('9124122590', 'KU-CS-234', 5, '2018-11-09 19:58:36'),
('9124122590', 'KU-CS-235', 5, '2018-11-09 19:58:36'),
('9124122590', 'KU-CS-240', 4, '2018-11-09 19:58:36'),
('9124122590', 'KU-CS-241', 5, '2018-11-09 20:00:27'),
('9124122590', 'KU-CS-242', 5, '2018-11-09 20:00:27'),
('9124122590', 'KU-CS-243', 4, '2018-11-09 20:00:27'),
('9124122590', 'KU-CS-248', 5, '2018-11-10 03:52:09'),
('9124122590', 'KU-CS-251', 5, '2018-11-10 04:03:47'),
('9124122590', 'KU-CS-253', 5, '2018-11-10 04:15:13'),
('9124122590', 'KU-CS-259', 5, '2018-11-10 17:44:29'),
('9124122590', 'KU-CS-262', 5, '2018-11-10 17:55:30'),
('9124122590', 'KU-CS-265', 5, '2018-11-10 18:00:59'),
('9124122590', 'KU-CS-268', 5, '2018-11-10 18:06:17'),
('9124122590', 'KU-CS-271', 5, '2018-11-10 18:10:48'),
('9124122590', 'KU-CS-274', 5, '2018-11-10 18:13:17'),
('9124122590', 'KU-CS-277', 1, '2018-11-10 18:17:31'),
('9134122990', 'KU-CS-234', 5, '2018-11-09 19:56:14'),
('9134122990', 'KU-CS-235', 5, '2018-11-09 19:56:14'),
('9134122990', 'KU-CS-240', 3, '2018-11-09 19:56:14'),
('9134122990', 'KU-CS-250', 5, '2018-11-10 04:06:23'),
('9134122990', 'KU-CS-252', 3, '2018-11-10 04:06:23'),
('9134122990', 'KU-CS-254', 5, '2018-11-10 04:15:13'),
('9134122990', 'KU-CS-255', 3, '2018-11-10 04:15:13'),
('9134122990', 'KU-CS-256', 4, '2018-11-09 18:55:46'),
('9134122990', 'KU-CS-257', 5, '2018-11-09 18:55:46'),
('9134122990', 'KU-CS-259', 5, '2018-11-09 18:55:46'),
('9134122990', 'KU-CS-260', 4, '2018-11-10 17:44:29'),
('9134122990', 'KU-CS-263', 4, '2018-11-10 17:55:30'),
('9134122990', 'KU-CS-266', 4, '2018-11-10 18:00:59'),
('9134122990', 'KU-CS-269', 4, '2018-11-10 18:06:17'),
('9134122990', 'KU-CS-272', 4, '2018-11-10 18:10:48'),
('9134122990', 'KU-CS-275', 4, '2018-11-10 18:13:17'),
('9134122990', 'KU-CS-278', 2, '2018-11-10 18:17:31'),
('9134177220', 'KU-CS-234', 5, '2018-11-09 19:58:36'),
('9134177220', 'KU-CS-235', 5, '2018-11-09 19:58:36'),
('9134177220', 'KU-CS-240', 3, '2018-11-09 19:58:36'),
('9134177220', 'KU-CS-249', 3, '2018-11-10 03:52:09'),
('9134177220', 'KU-CS-250', 5, '2018-11-10 04:03:47'),
('9134177220', 'KU-CS-252', 3, '2018-11-10 04:01:01'),
('9134177220', 'KU-CS-253', 5, '2018-11-10 04:15:13'),
('9134177220', 'KU-CS-256', 5, '2018-11-10 04:30:14'),
('9134177220', 'KU-CS-261', 3, '2018-11-10 17:44:30'),
('9134177220', 'KU-CS-264', 3, '2018-11-10 17:55:30'),
('9134177220', 'KU-CS-267', 3, '2018-11-10 18:00:59'),
('9134177220', 'KU-CS-270', 3, '2018-11-10 18:06:17'),
('9134177220', 'KU-CS-273', 3, '2018-11-10 18:10:48'),
('9134177220', 'KU-CS-276', 3, '2018-11-10 18:13:17'),
('9134177220', 'KU-CS-279', 1, '2018-11-10 18:17:31'),
('9134177240', 'KU-CS-253', 5, '2018-11-10 04:15:13'),
('9134177240', 'KU-CS-254', 2, '2018-11-10 04:15:13'),
('9134177240', 'KU-CS-255', 3, '2018-11-10 04:15:13'),
('9134177240', 'KU-CS-259', 5, '2018-11-10 17:44:30'),
('9134177240', 'KU-CS-262', 5, '2018-11-10 17:55:30'),
('9134177240', 'KU-CS-265', 5, '2018-11-10 18:00:59'),
('9134177240', 'KU-CS-268', 5, '2018-11-10 18:06:17'),
('9134177240', 'KU-CS-271', 5, '2018-11-10 18:10:48'),
('9134177240', 'KU-CS-274', 5, '2018-11-10 18:13:17'),
('9134177240', 'KU-CS-277', 1, '2018-11-10 18:17:31'),
('9134177290', 'KU-CS-269', 4, '2018-11-09 18:14:04'),
('9134177290', 'KU-CS-270', 5, '2018-11-09 18:14:04'),
('9134177290', 'KU-CS-301', 4, '2018-11-11 03:08:35'),
('9134177290', 'KU-CS-302', 3, '2018-11-11 03:08:35'),
('9134177290', 'KU-CS-303', 5, '2018-11-11 03:08:35'),
('9134177290', 'KU-CS-304', 4, '2018-11-11 03:13:05'),
('9134177290', 'KU-CS-305', 3, '2018-11-11 03:13:05'),
('9134177290', 'KU-CS-306', 5, '2018-11-11 03:13:05'),
('9134177290', 'KU-CS-307', 4, '2018-11-11 03:15:03'),
('9134177290', 'KU-CS-308', 3, '2018-11-11 03:15:03'),
('9134177290', 'KU-CS-309', 5, '2018-11-11 03:15:03'),
('9134177290', 'KU-CS-310', 4, '2018-11-11 03:49:53'),
('9134177290', 'KU-CS-311', 3, '2018-11-11 03:49:53'),
('9134177290', 'KU-CS-312', 5, '2018-11-11 03:49:53'),
('9134177290', 'KU-CS-313', 4, '2018-11-11 03:52:48'),
('9134177290', 'KU-CS-314', 3, '2018-11-11 03:52:48'),
('9134177290', 'KU-CS-315', 5, '2018-11-11 03:52:48'),
('9134177290', 'KU-CS-316', 4, '2018-11-11 03:54:40'),
('9134177290', 'KU-CS-317', 3, '2018-11-11 03:54:40'),
('9134177290', 'KU-CS-318', 5, '2018-11-11 03:54:40'),
('9134177290', 'KU-CS-319', 4, '2018-11-11 03:56:45'),
('9134177290', 'KU-CS-320', 3, '2018-11-11 03:56:45'),
('9134177290', 'KU-CS-321', 5, '2018-11-11 03:56:45'),
('9134177290', 'KU-CS-322', 4, '2018-11-11 03:59:13'),
('9134177290', 'KU-CS-323', 3, '2018-11-11 03:59:13'),
('9134177290', 'KU-CS-324', 5, '2018-11-11 03:59:13'),
('9134177330', 'KU-CS-253', 5, '2018-11-10 04:15:13'),
('9134177330', 'KU-CS-254', 5, '2018-11-10 04:15:13'),
('9134177330', 'KU-CS-255', 3, '2018-11-10 04:15:13'),
('9134177330', 'KU-CS-260', 4, '2018-11-10 17:44:30'),
('9134177330', 'KU-CS-263', 4, '2018-11-10 17:55:30'),
('9134177330', 'KU-CS-266', 4, '2018-11-10 18:00:59'),
('9134177330', 'KU-CS-269', 4, '2018-11-10 18:06:17'),
('9134177330', 'KU-CS-272', 4, '2018-11-10 18:10:48'),
('9134177330', 'KU-CS-275', 4, '2018-11-10 18:13:17'),
('9134177330', 'KU-CS-278', 2, '2018-11-10 18:17:31'),
('9134177920', 'KU-CS-234', 5, '2018-11-09 19:52:27'),
('9134177920', 'KU-CS-235', 5, '2018-11-09 19:52:28'),
('9134177920', 'KU-CS-240', 3, '2018-11-09 19:52:28'),
('9134177920', 'KU-CS-247', 5, '2018-11-10 03:50:07'),
('9134177920', 'KU-CS-249', 3, '2018-11-10 03:50:07'),
('9134177920', 'KU-CS-250', 5, '2018-11-10 04:07:13'),
('9134177920', 'KU-CS-254', 5, '2018-11-10 04:15:13'),
('9134177920', 'KU-CS-256', 5, '2018-11-09 18:38:49'),
('9134177920', 'KU-CS-261', 3, '2018-11-10 17:44:30'),
('9134177920', 'KU-CS-264', 3, '2018-11-10 17:55:30'),
('9134177920', 'KU-CS-267', 3, '2018-11-10 18:00:59'),
('9134177920', 'KU-CS-270', 3, '2018-11-10 18:06:18');
INSERT INTO `rated_book_student` (`isbn`, `id`, `rating`, `date`) VALUES
('9134177920', 'KU-CS-273', 3, '2018-11-10 18:10:48'),
('9134177920', 'KU-CS-276', 3, '2018-11-10 18:13:17'),
('9134177920', 'KU-CS-279', 1, '2018-11-10 18:17:31'),
('9134187990', 'KU-CS-234', 5, '2018-11-09 19:53:33'),
('9134187990', 'KU-CS-235', 5, '2018-11-09 19:53:33'),
('9134187990', 'KU-CS-240', 3, '2018-11-09 19:53:33'),
('9134187990', 'KU-CS-247', 5, '2018-11-10 03:52:09'),
('9134187990', 'KU-CS-252', 3, '2018-11-10 04:03:47'),
('9134187990', 'KU-CS-255', 3, '2018-11-10 04:15:13'),
('9134187990', 'KU-CS-256', 5, '2018-11-09 18:38:49'),
('9134187990', 'KU-CS-259', 5, '2018-11-10 17:44:30'),
('9134187990', 'KU-CS-263', 5, '2018-11-10 17:55:30'),
('9134187990', 'KU-CS-265', 5, '2018-11-10 18:00:59'),
('9134187990', 'KU-CS-268', 5, '2018-11-10 18:06:18'),
('9134187990', 'KU-CS-271', 5, '2018-11-10 18:10:48'),
('9134187990', 'KU-CS-274', 5, '2018-11-10 18:13:18'),
('9134187990', 'KU-CS-277', 1, '2018-11-10 18:17:31'),
('9144122970', 'KU-CS-247', 5, '2018-11-10 03:49:08'),
('9144122970', 'KU-CS-248', 5, '2018-11-10 03:49:08'),
('9144122970', 'KU-CS-249', 3, '2018-11-10 03:49:08'),
('9144122970', 'KU-CS-250', 5, '2018-11-10 04:01:01'),
('9144122970', 'KU-CS-256', 4, '2018-11-09 18:38:49'),
('9144122970', 'KU-CS-260', 4, '2018-11-10 17:44:30'),
('9144122970', 'KU-CS-264', 4, '2018-11-10 17:55:30'),
('9144122970', 'KU-CS-266', 4, '2018-11-10 18:01:00'),
('9144122970', 'KU-CS-269', 4, '2018-11-10 18:06:18'),
('9144122970', 'KU-CS-272', 4, '2018-11-10 18:10:49'),
('9144122970', 'KU-CS-275', 4, '2018-11-10 18:13:18'),
('9144122970', 'KU-CS-278', 1, '2018-11-10 18:17:31'),
('9184920301', 'KU-CS-234', 5, '2018-11-09 19:57:22'),
('9184920301', 'KU-CS-235', 5, '2018-11-09 19:57:22'),
('9184920301', 'KU-CS-240', 3, '2018-11-09 19:57:22'),
('9184920301', 'KU-CS-241', 5, '2018-11-09 20:02:11'),
('9184920301', 'KU-CS-242', 5, '2018-11-09 20:02:11'),
('9184920301', 'KU-CS-243', 3, '2018-11-09 20:02:11'),
('9184920301', 'KU-CS-247', 5, '2018-11-10 03:49:08'),
('9184920301', 'KU-CS-249', 3, '2018-11-10 03:56:13'),
('9184920301', 'KU-CS-251', 5, '2018-11-10 04:01:01'),
('9184920301', 'KU-CS-253', 5, '2018-11-10 04:15:13'),
('9184920301', 'KU-CS-256', 5, '2018-11-09 18:38:49'),
('9184920301', 'KU-CS-261', 3, '2018-11-10 17:44:30'),
('9184920301', 'KU-CS-262', 3, '2018-11-10 17:55:30'),
('9184920301', 'KU-CS-267', 3, '2018-11-10 18:01:00'),
('9184920301', 'KU-CS-270', 3, '2018-11-10 18:06:18'),
('9184920301', 'KU-CS-273', 3, '2018-11-10 18:10:49'),
('9184920301', 'KU-CS-276', 3, '2018-11-10 18:13:18'),
('9184920301', 'KU-CS-279', 1, '2018-11-10 18:17:31'),
('9218006002', 'KU-CS-234', 5, '2018-11-09 19:52:28'),
('9218006002', 'KU-CS-235', 5, '2018-11-09 19:52:28'),
('9218006002', 'KU-CS-240', 4, '2018-11-09 19:52:28'),
('9218006002', 'KU-CS-248', 5, '2018-11-10 03:50:07'),
('9218006002', 'KU-CS-249', 5, '2018-11-10 03:54:54'),
('9218006002', 'KU-CS-251', 5, '2018-11-10 04:06:23'),
('9218006002', 'KU-CS-254', 5, '2018-11-10 04:15:13'),
('9218006002', 'KU-CS-256', 5, '2018-11-09 18:38:49'),
('9218006002', 'KU-CS-257', 5, '2018-11-09 18:41:21'),
('9218006002', 'KU-CS-259', 5, '2018-11-10 17:44:30'),
('9218006002', 'KU-CS-262', 5, '2018-11-10 17:55:30'),
('9218006002', 'KU-CS-265', 5, '2018-11-10 18:01:00'),
('9218006002', 'KU-CS-268', 5, '2018-11-10 18:06:18'),
('9218006002', 'KU-CS-271', 5, '2018-11-10 18:10:49'),
('9218006002', 'KU-CS-274', 5, '2018-11-10 18:13:18'),
('9218006002', 'KU-CS-277', 2, '2018-11-10 18:17:32'),
('9312417797', 'KU-CS-236', 4, '2018-11-09 19:41:48'),
('9312417797', 'KU-CS-237', 5, '2018-11-09 19:41:48'),
('9312417797', 'KU-CS-238', 5, '2018-11-09 19:41:48'),
('9312417797', 'KU-CS-241', 5, '2018-11-09 20:04:01'),
('9312417797', 'KU-CS-242', 5, '2018-11-09 20:04:01'),
('9312417797', 'KU-CS-243', 3, '2018-11-09 20:04:01'),
('9312417797', 'KU-CS-244', 5, '2018-11-09 20:05:33'),
('9312417797', 'KU-CS-245', 5, '2018-11-09 20:05:33'),
('9312417797', 'KU-CS-246', 3, '2018-11-09 20:05:33'),
('9312417797', 'KU-CS-248', 5, '2018-11-10 03:49:08'),
('9312417797', 'KU-CS-255', 3, '2018-11-10 04:15:13'),
('9312417797', 'KU-CS-256', 4, '2018-11-09 18:38:50'),
('9312417797', 'KU-CS-257', 5, '2018-11-09 18:55:46'),
('9312417797', 'KU-CS-259', 5, '2018-11-09 18:55:46'),
('9312417797', 'KU-CS-260', 4, '2018-11-10 17:44:30'),
('9312417797', 'KU-CS-263', 4, '2018-11-10 17:55:30'),
('9312417797', 'KU-CS-266', 4, '2018-11-10 18:01:00'),
('9312417797', 'KU-CS-269', 4, '2018-11-10 18:06:18'),
('9312417797', 'KU-CS-272', 4, '2018-11-10 18:10:49'),
('9312417797', 'KU-CS-275', 4, '2018-11-10 18:13:18'),
('9312417797', 'KU-CS-278', 1, '2018-11-10 18:17:32'),
('9312417797', 'KU-CS-340', 2, '2018-11-09 19:38:40'),
('9313417797', 'KU-CS-234', 5, '2018-11-09 19:53:33'),
('9313417797', 'KU-CS-235', 5, '2018-11-09 19:48:07'),
('9313417797', 'KU-CS-236', 5, '2018-11-09 19:45:46'),
('9313417797', 'KU-CS-237', 5, '2018-11-09 19:45:46'),
('9313417797', 'KU-CS-238', 5, '2018-11-09 19:44:16'),
('9313417797', 'KU-CS-241', 5, '2018-11-09 20:00:27'),
('9313417797', 'KU-CS-242', 5, '2018-11-09 20:00:27'),
('9313417797', 'KU-CS-243', 3, '2018-11-09 20:00:27'),
('9313417797', 'KU-CS-247', 5, '2018-11-10 03:52:09'),
('9313417797', 'KU-CS-250', 5, '2018-11-10 04:03:47'),
('9313417797', 'KU-CS-251', 5, '2018-11-10 04:03:47'),
('9313417797', 'KU-CS-253', 5, '2018-11-10 04:15:13'),
('9313417797', 'KU-CS-254', 5, '2018-11-10 04:15:14'),
('9313417797', 'KU-CS-255', 3, '2018-11-10 04:15:14'),
('9313417797', 'KU-CS-257', 5, '2018-11-09 18:41:21'),
('9313417797', 'KU-CS-261', 3, '2018-11-10 17:44:30'),
('9313417797', 'KU-CS-264', 3, '2018-11-10 17:55:30'),
('9313417797', 'KU-CS-267', 3, '2018-11-10 18:01:00'),
('9313417797', 'KU-CS-270', 3, '2018-11-10 18:06:18'),
('9313417797', 'KU-CS-273', 3, '2018-11-10 18:10:49'),
('9313417797', 'KU-CS-276', 3, '2018-11-10 18:13:18'),
('9313417797', 'KU-CS-279', 1, '2018-11-10 18:17:32'),
('9313417797', 'KU-CS-286', 1, '2018-11-10 19:30:48'),
('9449340268', 'KU-CS-234', 5, '2018-11-09 19:55:08'),
('9449340268', 'KU-CS-235', 5, '2018-11-09 19:55:08'),
('9449340268', 'KU-CS-236', 4, '2018-11-09 19:45:46'),
('9449340268', 'KU-CS-237', 4, '2018-11-09 19:45:46'),
('9449340268', 'KU-CS-238', 4, '2018-11-09 19:44:16'),
('9449340268', 'KU-CS-240', 4, '2018-11-09 19:48:07'),
('9449340268', 'KU-CS-248', 5, '2018-11-10 03:52:09'),
('9449340268', 'KU-CS-249', 5, '2018-11-10 03:55:05'),
('9449340268', 'KU-CS-252', 3, '2018-11-10 04:03:47'),
('9449340268', 'KU-CS-253', 5, '2018-11-10 04:15:14'),
('9449340268', 'KU-CS-254', 5, '2018-11-10 04:15:14'),
('9449340268', 'KU-CS-255', 3, '2018-11-10 04:15:14'),
('9449340268', 'KU-CS-257', 5, '2018-11-09 18:41:21'),
('9449340268', 'KU-CS-287', 1, '2018-11-10 19:30:48'),
('9449340388', 'KU-CS-234', 5, '2018-11-09 19:48:07'),
('9449340388', 'KU-CS-236', 5, '2018-11-09 19:45:46'),
('9449340388', 'KU-CS-237', 5, '2018-11-09 19:45:46'),
('9449340388', 'KU-CS-238', 5, '2018-11-09 19:44:53'),
('9449340388', 'KU-CS-241', 5, '2018-11-09 20:04:01'),
('9449340388', 'KU-CS-242', 5, '2018-11-09 20:04:01'),
('9449340388', 'KU-CS-243', 4, '2018-11-09 20:04:01'),
('9449340388', 'KU-CS-244', 5, '2018-11-09 20:05:34'),
('9449340388', 'KU-CS-245', 5, '2018-11-09 20:05:34'),
('9449340388', 'KU-CS-246', 4, '2018-11-09 20:05:34'),
('9449340388', 'KU-CS-249', 3, '2018-11-10 03:49:08'),
('9449340388', 'KU-CS-250', 5, '2018-11-10 04:04:40'),
('9449340388', 'KU-CS-251', 5, '2018-11-10 04:04:40'),
('9449340388', 'KU-CS-252', 3, '2018-11-10 04:04:40'),
('9449340388', 'KU-CS-253', 5, '2018-11-10 04:15:14'),
('9449340388', 'KU-CS-257', 4, '2018-11-09 18:41:21'),
('9449340388', 'KU-CS-259', 5, '2018-11-10 17:44:30'),
('9449340388', 'KU-CS-260', 4, '2018-11-10 17:44:30'),
('9449340388', 'KU-CS-261', 3, '2018-11-10 17:44:30'),
('9449340388', 'KU-CS-262', 5, '2018-11-10 17:55:31'),
('9449340388', 'KU-CS-263', 4, '2018-11-10 17:55:31'),
('9449340388', 'KU-CS-264', 3, '2018-11-10 17:55:31'),
('9449340388', 'KU-CS-265', 5, '2018-11-10 18:01:00'),
('9449340388', 'KU-CS-266', 4, '2018-11-10 18:01:00'),
('9449340388', 'KU-CS-267', 3, '2018-11-10 18:01:00'),
('9449340388', 'KU-CS-268', 5, '2018-11-10 18:06:18'),
('9449340388', 'KU-CS-269', 4, '2018-11-10 18:06:18'),
('9449340388', 'KU-CS-270', 3, '2018-11-10 18:06:18'),
('9449340388', 'KU-CS-271', 5, '2018-11-10 18:10:49'),
('9449340388', 'KU-CS-272', 4, '2018-11-10 18:10:49'),
('9449340388', 'KU-CS-273', 3, '2018-11-10 18:10:49'),
('9449340388', 'KU-CS-274', 5, '2018-11-10 18:13:18'),
('9449340388', 'KU-CS-275', 4, '2018-11-10 18:13:18'),
('9449340388', 'KU-CS-276', 3, '2018-11-10 18:13:18'),
('9449340388', 'KU-CS-277', 2, '2018-11-10 18:17:32'),
('9449340388', 'KU-CS-278', 2, '2018-11-10 18:17:32'),
('9449340388', 'KU-CS-279', 1, '2018-11-10 18:17:32'),
('9449340388', 'KU-CS-288', 1, '2018-11-10 19:30:48'),
('9587205007', 'KU-CS-238', 5, '2018-11-09 19:44:16'),
('9587205007', 'KU-CS-241', 5, '2018-11-09 20:04:01'),
('9587205007', 'KU-CS-242', 5, '2018-11-09 20:04:01'),
('9587205007', 'KU-CS-243', 4, '2018-11-09 20:04:01'),
('9587205007', 'KU-CS-244', 5, '2018-11-09 20:05:34'),
('9587205007', 'KU-CS-245', 5, '2018-11-09 20:05:34'),
('9587205007', 'KU-CS-246', 4, '2018-11-09 20:05:34'),
('9587205007', 'KU-CS-247', 5, '2018-11-10 03:46:12'),
('9587205007', 'KU-CS-248', 5, '2018-11-10 03:46:12'),
('9587205007', 'KU-CS-249', 3, '2018-11-10 03:46:12'),
('9587205007', 'KU-CS-250', 5, '2018-11-10 04:01:00'),
('9587205007', 'KU-CS-252', 3, '2018-11-10 04:01:00'),
('9587205007', 'KU-CS-254', 5, '2018-11-10 04:15:14'),
('9587205007', 'KU-CS-257', 5, '2018-11-09 18:41:21'),
('9587205007', 'KU-CS-259', 5, '2018-11-10 17:44:30'),
('9587205007', 'KU-CS-262', 5, '2018-11-10 17:55:31'),
('9587205007', 'KU-CS-265', 5, '2018-11-10 18:01:00'),
('9587205007', 'KU-CS-271', 5, '2018-11-10 18:10:49'),
('9587205007', 'KU-CS-274', 5, '2018-11-10 18:13:18'),
('9587205007', 'KU-CS-277', 1, '2018-11-10 18:17:32'),
('9587205007', 'KU-CS-288', 1, '2018-11-10 19:30:48'),
('9587205812', 'KU-CS-253', 5, '2018-11-10 04:15:14'),
('9587205812', 'KU-CS-254', 5, '2018-11-10 04:15:14'),
('9587205812', 'KU-CS-255', 3, '2018-11-10 04:15:14'),
('9587205812', 'KU-CS-286', 1, '2018-11-10 19:30:48'),
('9587205815', 'KU-CS-236', 4, '2018-11-09 19:41:48'),
('9587205815', 'KU-CS-237', 5, '2018-11-09 19:41:48'),
('9587205815', 'KU-CS-238', 5, '2018-11-09 19:41:48'),
('9587205815', 'KU-CS-241', 5, '2018-11-09 20:04:01'),
('9587205815', 'KU-CS-242', 5, '2018-11-09 20:04:01'),
('9587205815', 'KU-CS-243', 4, '2018-11-09 20:04:02'),
('9587205815', 'KU-CS-244', 5, '2018-11-09 20:05:34'),
('9587205815', 'KU-CS-245', 5, '2018-11-09 20:05:34'),
('9587205815', 'KU-CS-246', 4, '2018-11-09 20:05:34'),
('9587205815', 'KU-CS-247', 5, '2018-11-10 03:47:13'),
('9587205815', 'KU-CS-251', 5, '2018-11-10 04:01:00'),
('9587205815', 'KU-CS-255', 3, '2018-11-10 04:15:14'),
('9587205815', 'KU-CS-257', 4, '2018-11-09 18:41:21'),
('9587205815', 'KU-CS-260', 4, '2018-11-10 17:44:30'),
('9587205815', 'KU-CS-263', 4, '2018-11-10 17:55:31'),
('9587205815', 'KU-CS-266', 4, '2018-11-10 18:01:00'),
('9587205815', 'KU-CS-272', 4, '2018-11-10 18:10:49'),
('9587205815', 'KU-CS-275', 4, '2018-11-10 18:13:18'),
('9587205815', 'KU-CS-278', 1, '2018-11-10 18:17:32'),
('9587205815', 'KU-CS-287', 1, '2018-11-10 19:30:48'),
('9587205882', 'KU-CS-248', 5, '2018-11-10 03:47:13'),
('9587205882', 'KU-CS-250', 5, '2018-11-10 04:01:00'),
('9587205882', 'KU-CS-251', 5, '2018-11-10 04:01:01'),
('9587205882', 'KU-CS-253', 5, '2018-11-10 04:18:19'),
('9587205882', 'KU-CS-259', 5, '2018-11-09 18:43:44'),
('9587205882', 'KU-CS-261', 3, '2018-11-10 17:44:30'),
('9587205882', 'KU-CS-264', 3, '2018-11-10 17:55:31'),
('9587205882', 'KU-CS-267', 3, '2018-11-10 18:01:00'),
('9587205882', 'KU-CS-273', 3, '2018-11-10 18:10:49'),
('9587205882', 'KU-CS-276', 3, '2018-11-10 18:13:18'),
('9587205882', 'KU-CS-279', 1, '2018-11-10 18:17:32'),
('9587205882', 'KU-CS-286', 1, '2018-11-10 19:30:48'),
('9587205882', 'KU-CS-287', 1, '2018-11-10 19:30:48'),
('9587205882', 'KU-CS-288', 1, '2018-11-10 19:30:48'),
('9734122990', 'KU-CS-250', 5, '2018-11-10 04:01:01'),
('9734122990', 'KU-CS-251', 5, '2018-11-10 04:01:01'),
('9734122990', 'KU-CS-252', 3, '2018-11-10 04:01:01'),
('9734122990', 'KU-CS-254', 2, '2018-11-10 04:18:19'),
('9734122990', 'KU-CS-259', 5, '2018-11-09 18:43:44'),
('9734122990', 'KU-CS-262', 5, '2018-11-10 17:55:31'),
('9734122990', 'KU-CS-265', 5, '2018-11-10 18:01:00'),
('9734122990', 'KU-CS-271', 5, '2018-11-10 18:10:49'),
('9734122990', 'KU-CS-274', 5, '2018-11-10 18:13:18'),
('9734122990', 'KU-CS-277', 1, '2018-11-10 18:17:32'),
('97811853121', 'KU-CS-249', 3, '2018-11-10 03:47:13'),
('97811853121', 'KU-CS-252', 3, '2018-11-10 04:01:01'),
('97811853121', 'KU-CS-255', 3, '2018-11-10 04:18:19'),
('97811853121', 'KU-CS-259', 4, '2018-11-09 18:43:44'),
('97811853121', 'KU-CS-263', 4, '2018-11-10 17:55:31'),
('97811853121', 'KU-CS-266', 4, '2018-11-10 18:01:00'),
('97811853121', 'KU-CS-272', 4, '2018-11-10 18:10:49'),
('97811853121', 'KU-CS-275', 4, '2018-11-10 18:13:18'),
('97811853121', 'KU-CS-278', 2, '2018-11-10 18:17:32'),
('97811853123', 'KU-CS-241', 5, '2018-11-09 20:02:11'),
('97811853123', 'KU-CS-242', 5, '2018-11-09 20:02:11'),
('97811853123', 'KU-CS-243', 4, '2018-11-09 20:02:12'),
('97811853123', 'KU-CS-244', 5, '2018-11-10 03:26:52'),
('97811853123', 'KU-CS-245', 5, '2018-11-10 03:26:52'),
('97811853123', 'KU-CS-246', 4, '2018-11-10 03:26:52'),
('97811853123', 'KU-CS-247', 5, '2018-11-10 03:49:08'),
('97811853123', 'KU-CS-248', 5, '2018-11-10 03:49:08'),
('97811853123', 'KU-CS-249', 3, '2018-11-10 03:49:08'),
('97811853123', 'KU-CS-250', 5, '2018-11-10 04:03:47'),
('97811853123', 'KU-CS-251', 5, '2018-11-10 04:03:47'),
('97811853123', 'KU-CS-252', 3, '2018-11-10 04:03:47'),
('97811853123', 'KU-CS-253', 5, '2018-11-10 04:18:19'),
('97811853123', 'KU-CS-254', 5, '2018-11-10 04:18:19'),
('97811853123', 'KU-CS-255', 3, '2018-11-10 04:18:19'),
('97811853123', 'KU-CS-259', 5, '2018-11-09 18:43:44'),
('97811853123', 'KU-CS-264', 3, '2018-11-10 17:55:31'),
('97811853123', 'KU-CS-267', 3, '2018-11-10 18:01:00'),
('97811853123', 'KU-CS-273', 3, '2018-11-10 18:10:49'),
('97811853123', 'KU-CS-276', 3, '2018-11-10 18:13:18'),
('97811853123', 'KU-CS-279', 1, '2018-11-10 18:17:32'),
('97811853123', 'KU-CS-373', 5, '2018-12-25 13:22:19'),
('9934177990', 'KU-CS-241', 5, '2018-11-09 20:02:12'),
('9934177990', 'KU-CS-242', 5, '2018-11-09 20:02:12'),
('9934177990', 'KU-CS-243', 4, '2018-11-09 20:02:12'),
('9934177990', 'KU-CS-244', 5, '2018-11-10 03:27:25'),
('9934177990', 'KU-CS-245', 5, '2018-11-10 03:27:25'),
('9934177990', 'KU-CS-246', 4, '2018-11-10 03:27:25'),
('9934177990', 'KU-CS-250', 5, '2018-11-10 04:05:20'),
('9934177990', 'KU-CS-251', 5, '2018-11-10 04:05:20'),
('9934177990', 'KU-CS-253', 5, '2018-11-10 04:18:19'),
('9934177990', 'KU-CS-259', 5, '2018-11-09 18:43:44'),
('9934177990', 'KU-CS-262', 5, '2018-11-10 17:55:31'),
('9934177990', 'KU-CS-263', 4, '2018-11-10 17:55:31'),
('9934177990', 'KU-CS-264', 3, '2018-11-10 17:55:31'),
('9934177990', 'KU-CS-265', 5, '2018-11-10 18:01:00'),
('9934177990', 'KU-CS-266', 4, '2018-11-10 18:01:00'),
('9934177990', 'KU-CS-267', 3, '2018-11-10 18:01:00'),
('9934177990', 'KU-CS-271', 5, '2018-11-10 18:10:49'),
('9934177990', 'KU-CS-272', 4, '2018-11-10 18:10:49'),
('9934177990', 'KU-CS-273', 3, '2018-11-10 18:10:49'),
('9934177990', 'KU-CS-274', 5, '2018-11-10 18:13:18'),
('9934177990', 'KU-CS-275', 4, '2018-11-10 18:13:18'),
('9934177990', 'KU-CS-276', 3, '2018-11-10 18:13:18'),
('9934177990', 'KU-CS-277', 1, '2018-11-10 18:17:32'),
('9934177990', 'KU-CS-278', 1, '2018-11-10 18:17:32'),
('9934177990', 'KU-CS-279', 1, '2018-11-10 18:17:32'),
('9934177990', 'KU-CS-373', 4, '2018-12-25 03:46:24'),
('9976869595', 'KU-CS-253', 5, '2018-11-10 04:18:19'),
('9976869595', 'KU-CS-254', 5, '2018-11-10 04:18:19'),
('9976869595', 'KU-CS-255', 3, '2018-11-10 04:18:19'),
('9976869595', 'KU-CS-259', 4, '2018-11-09 18:43:44'),
('9976869595', 'KU-CS-262', 5, '2018-11-10 17:55:31'),
('9976869595', 'KU-CS-263', 4, '2018-11-10 17:55:31'),
('9976869595', 'KU-CS-264', 3, '2018-11-10 17:55:31'),
('9976869595', 'KU-CS-265', 5, '2018-11-10 18:01:01'),
('9976869595', 'KU-CS-266', 4, '2018-11-10 18:01:01'),
('9976869595', 'KU-CS-267', 3, '2018-11-10 18:01:01'),
('9976869595', 'KU-CS-271', 5, '2018-11-10 18:10:50'),
('9976869595', 'KU-CS-272', 4, '2018-11-10 18:10:50'),
('9976869595', 'KU-CS-273', 3, '2018-11-10 18:10:50'),
('9976869595', 'KU-CS-274', 5, '2018-11-10 18:13:19'),
('9976869595', 'KU-CS-275', 4, '2018-11-10 18:13:19'),
('9976869595', 'KU-CS-276', 3, '2018-11-10 18:13:19'),
('9976869595', 'KU-CS-277', 1, '2018-11-10 18:17:32'),
('9976869595', 'KU-CS-278', 2, '2018-11-10 18:17:32'),
('9976869595', 'KU-CS-279', 1, '2018-11-10 18:17:32'),
('9976869595', 'KU-CS-303', 1, '2018-11-11 03:08:35'),
('9976869595', 'KU-CS-306', 1, '2018-11-11 03:13:05'),
('9976869595', 'KU-CS-309', 1, '2018-11-11 03:15:04'),
('9976869595', 'KU-CS-373', 3, '2018-12-25 03:45:26'),
('9980232741', 'KU-CS-254', 5, '2018-11-10 04:18:19'),
('9980232741', 'KU-CS-256', 4, '2018-11-09 18:45:58'),
('9980232741', 'KU-CS-257', 5, '2018-11-09 18:45:58'),
('9980232741', 'KU-CS-259', 5, '2018-11-09 18:45:58'),
('9980232741', 'KU-CS-262', 5, '2018-11-10 17:55:31'),
('9980232741', 'KU-CS-263', 4, '2018-11-10 17:55:31'),
('9980232741', 'KU-CS-264', 3, '2018-11-10 17:55:31'),
('9980232741', 'KU-CS-265', 5, '2018-11-10 18:01:00'),
('9980232741', 'KU-CS-266', 4, '2018-11-10 18:01:00'),
('9980232741', 'KU-CS-267', 3, '2018-11-10 18:01:00'),
('9980232741', 'KU-CS-271', 5, '2018-11-10 18:10:49'),
('9980232741', 'KU-CS-272', 4, '2018-11-10 18:10:49'),
('9980232741', 'KU-CS-273', 3, '2018-11-10 18:10:50'),
('9980232741', 'KU-CS-274', 5, '2018-11-10 18:13:18'),
('9980232741', 'KU-CS-275', 4, '2018-11-10 18:13:19'),
('9980232741', 'KU-CS-276', 3, '2018-11-10 18:13:19'),
('9980232741', 'KU-CS-277', 2, '2018-11-10 18:17:32'),
('9980232741', 'KU-CS-278', 1, '2018-11-10 18:17:32'),
('9980232741', 'KU-CS-279', 2, '2018-11-10 18:17:32'),
('9980232741', 'KU-CS-302', 1, '2018-11-11 03:08:35'),
('9980232741', 'KU-CS-305', 1, '2018-11-11 03:13:05'),
('9980232741', 'KU-CS-308', 1, '2018-11-11 03:15:04'),
('9980783381', 'KU-CS-255', 3, '2018-11-10 04:18:19'),
('9980783381', 'KU-CS-256', 4, '2018-11-09 18:45:58'),
('9980783381', 'KU-CS-257', 5, '2018-11-09 18:45:58'),
('9980783381', 'KU-CS-259', 5, '2018-11-09 18:45:58'),
('9980783381', 'KU-CS-262', 5, '2018-11-10 17:55:31'),
('9980783381', 'KU-CS-263', 4, '2018-11-10 17:55:31'),
('9980783381', 'KU-CS-264', 3, '2018-11-10 17:55:32'),
('9980783381', 'KU-CS-265', 5, '2018-11-10 18:01:01'),
('9980783381', 'KU-CS-266', 4, '2018-11-10 18:01:01'),
('9980783381', 'KU-CS-267', 3, '2018-11-10 18:01:01'),
('9980783381', 'KU-CS-271', 5, '2018-11-10 18:10:50'),
('9980783381', 'KU-CS-272', 4, '2018-11-10 18:10:50'),
('9980783381', 'KU-CS-273', 3, '2018-11-10 18:10:50'),
('9980783381', 'KU-CS-274', 5, '2018-11-10 18:13:19'),
('9980783381', 'KU-CS-275', 4, '2018-11-10 18:13:19'),
('9980783381', 'KU-CS-276', 3, '2018-11-10 18:13:19'),
('9980783381', 'KU-CS-277', 1, '2018-11-10 18:17:33'),
('9980783381', 'KU-CS-278', 1, '2018-11-10 18:17:33'),
('9980783381', 'KU-CS-279', 2, '2018-11-10 18:17:33'),
('9980783381', 'KU-CS-298', 1, '2018-11-11 02:57:30'),
('9980783381', 'KU-CS-299', 1, '2018-11-11 02:57:30'),
('9980783381', 'KU-CS-300', 1, '2018-11-11 02:57:30'),
('9980783381', 'KU-CS-301', 1, '2018-11-11 03:08:35'),
('9980783381', 'KU-CS-304', 1, '2018-11-11 03:13:05'),
('9980783381', 'KU-CS-307', 1, '2018-11-11 03:15:04');

-- --------------------------------------------------------

--
-- Table structure for table `students`
--

CREATE TABLE IF NOT EXISTS `students` (
  `id` varchar(20) NOT NULL,
  `firstname` varchar(100) NOT NULL,
  `lastname` varchar(100) NOT NULL,
  `username` varchar(100) NOT NULL,
  `password` varchar(100) NOT NULL,
  `gender` varchar(10) NOT NULL,
  `faculty` varchar(64) NOT NULL,
  `semester` varchar(64) NOT NULL,
  `imagepath` varchar(200) NOT NULL,
  PRIMARY KEY (`id`)
) ENGINE=InnoDB DEFAULT CHARSET=latin1;

--
-- Dumping data for table `students`
--

INSERT INTO `students` (`id`, `firstname`, `lastname`, `username`, `password`, `gender`, `faculty`, `semester`, `imagepath`) VALUES
('KU-CS-230', 'Ahmad Zaki', 'Hotak', 'Zaki Hotak', 'zakihotak@123', 'male', 'Computer Science', '8', 'ProfileImages/41LEirGUWAL._AC_SY400_.jpg'),
('KU-CS-231', 'Ahmad Zubair', 'Amar', 'Zubair Amar', 'zaubairamar@123', 'male', 'Computer Science', '8', ''),
('KU-CS-232', 'Asadullah', 'Hafid', 'Asad Hafid', 'asadhafid@123', 'male', 'Computer Science', '8', ''),
('KU-CS-233', 'Elias', 'Mohammadi', 'Elias Mohammadi', 'Elias@123', 'male', 'Computer Science', '8', ''),
('KU-CS-234', 'Jafaar', 'Ahmadi', 'Jafar Ahamadi', 'jafar@123', 'male', 'Computer Science', '8', ''),
('KU-CS-235', 'Habibullah', 'Naimi', 'Habib Habib', 'habib@123', 'male', 'Computer Science', '8', ''),
('KU-CS-236', 'Hujatullah', 'Ahmadi', 'Hujat Ahmadi', 'hujat@123', 'male', 'Computer Science', '8', ''),
('KU-CS-237', 'Hussain', 'Ahmadi', 'Hussain Ahmadi', 'hussain@123', 'male', 'Computer Science', '8', ''),
('KU-CS-238', 'Zahra', 'Rahimi', 'Zahra Rahimi', 'zahra@123', 'female', 'Computer Science', '8', ''),
('KU-CS-240', 'Zainab', 'Zafari', 'Zainab Zafari', 'zainab@123', 'female', 'Computer Science', '8', ''),
('KU-CS-241', 'Sara', 'Mostamandi', 'Sara Mostamandi', 'sara@123', 'female', 'Computer Science', '8', ''),
('KU-CS-242', 'Samea', 'Yousufi', 'Samea Yousufi', 'samea@123', 'female', 'Computer Science', '8', ''),
('KU-CS-243', 'Sulaiman', 'Hussaini', 'Sulaiman Hussaini', 'sulaiman@!@3', 'male', 'Computer Science', '8', ''),
('KU-CS-244', 'Sayed shokrullah', 'Azimi', 'Shokor Azimi', 'shokor@123', 'male', 'Computer Science', '8', ''),
('KU-CS-245', 'Sayed aziz ahmad', 'ahmadi', 'Aziz ahmad', 'aziz@!23', 'male', 'Computer Science', '8', ''),
('KU-CS-246', 'Sayed Ewaz ', 'ahamdi', 'Sayed Ewaz', 'ewaz@123', 'male', 'Computer Science', '8', ''),
('KU-CS-247', 'Shahpoor', 'ahamdi', 'Shahpoor Ahamdi', 'shahpoor@123', 'male', 'Computer Science', '8', ''),
('KU-CS-248', 'Shakerullah', 'ahmadi', 'Shakerullah', 'shaker@123', 'male', 'Computer Science', '8', ''),
('KU-CS-249', 'Shabnam', 'Sediqi', 'Shabnam Sediqi', 'shabnam@123', 'female', 'Computer Science', '8', ''),
('KU-CS-250', 'Taleb Hussain', 'Hussaini', 'Taleb Hussain', 'taleb@123', 'male', 'Computer Science', '8', ''),
('KU-CS-251', 'Abdul Basir', 'ahmadi', 'Abdul Basir', 'basir@123', 'male', 'Computer Science', '8', ''),
('KU-CS-252', 'Abdul Rashid ', 'Sarwari', 'Abdul Rashid', 'rashid@123', 'male', 'Computer Science', '8', ''),
('KU-CS-253', 'Ali Reza', 'ahmadi', 'Ali Reza', 'alireza@123', 'male', 'Computer Science', '8', ''),
('KU-CS-254', 'Ali yasin', 'ahmadi', 'Ali Yasin', 'aliyasin@123', 'male', 'Computer Science', '8', ''),
('KU-CS-255', 'Emraan', 'Khan', 'Emraan Khan', 'emraan@123', 'male', 'Computer Science', '8', ''),
('KU-CS-256', 'Freshta', 'Sadaat', 'Freshta Sadaat', 'freshta@123', 'female', 'Computer Science', '8', ''),
('KU-CS-257', 'Feriba', 'Alawy', 'Feriba Alawy', 'feriba@123', 'female', 'Computer Science', '8', ''),
('KU-CS-258', 'Fahim', 'Najmi', 'Fahim Najmi', 'fahim@123', 'male', 'Computer Science', '8', ''),
('KU-CS-259', 'Qasim', 'Haidari', 'Qasim Haidari', 'qasim@123', 'male', 'Computer Science', '8', ''),
('KU-CS-260', 'Mohammad Hamed', 'ahmadi', 'Mohammad Hamed', 'hamed@123', 'male', 'Computer Science', '8', ''),
('KU-CS-261', 'Mohammad Hussain', 'Nazer', 'Mohammad Hussain', 'hussain@123', 'male', 'Computer Science', '8', ''),
('KU-CS-262', 'Mohammad Sharif ', 'Dawlat', 'Mohammad Sharif', 'sharif@123', 'male', 'Computer Science', '8', ''),
('KU-CS-264', 'Omar', 'Kakar', 'Omar Kakar', 'omar@123', 'male', 'Computer Science', '8', ''),
('KU-CS-265', 'Mohammad Qasem', 'ahmadi', 'Mohammad Qasem', 'qasem@123', 'male', 'Computer Science', '8', ''),
('KU-CS-266', 'Marzia', 'Rezayee', 'Marzia', 'marzia@123', 'female', 'Computer Science', '8', ''),
('KU-CS-267', 'Masih ', 'Habibi', 'Masih Anwar', 'masih@123', 'male', 'Computer Science', '8', ''),
('KU-CS-268', 'Masouma', 'Zahedi', 'Masouma Zahedi', 'masouma@123', 'female', 'Computer Science', '8', ''),
('KU-CS-269', 'Nadira', 'Ahmadi', 'Nadira Ahamdi', 'nadira@123', 'female', 'Computer Science', '8', ''),
('KU-CS-270', 'Nazifa', 'Kazemi', 'Nazifa Kazemi', 'nazifa@123', 'female', 'Computer Science', '8', ''),
('KU-CS-271', 'Nematullah', 'Hasan Zada', 'Nemat', 'nemat@123', 'male', 'Computer Science', '8', ''),
('KU-CS-272', 'Hasina ', 'Ogral', 'Hasina Ogral', 'hasina@123', 'female', 'Computer Science', '6', ''),
('KU-CS-273', 'Sumayya', 'Saeedi', 'Sumayya Saeedi', 'sum@123', 'female', 'Computer Science', '6', ''),
('KU-CS-274', 'Bahara', 'Amaani', 'Bahara Amani', 'bahra', 'female', 'Computer Science', '6', ''),
('KU-CS-275', 'Farzana', 'Mehri', 'Farzana Mehri', 'farzana', 'female', 'Computer Science', '6', ''),
('KU-CS-276', 'Setara', 'Asakzai', 'Setara Asakzai', 'setar', 'female', 'Computer Science', '6', ''),
('KU-CS-277', 'Rokhsar', 'Rahimi', 'Rokhsar Rahimi', '123', 'female', 'Computer Science', '8', ''),
('KU-CS-278', 'Zara', 'Zadran', 'Zara Zadran', '123', 'female', 'Computer Science', '6', ''),
('KU-CS-279', 'Hafasa ', 'Sediqi', 'Hafasa Sediqi', '123', 'female', 'Computer Science', '6', ''),
('KU-CS-280', 'Basira ', 'Latifi', 'Basira Latifi', '123', 'female', 'Computer Science', '5', ''),
('KU-CS-281', 'Khatera', 'Akbarpoor', 'Khatera Akbarpoor', '123', 'female', 'Computer Science', '7', ''),
('KU-CS-282', 'Saeeda', 'Seda', 'Saeeda Seda', '123', 'female', 'Computer Science', '6', ''),
('KU-CS-283', 'Husnia ', 'Rahimi', 'Husnia Rahimi', '123', 'female', 'Computer Science', '4', ''),
('KU-CS-284', 'Mariam Raha', 'Mohammad', 'Mariam Raha', '123', 'female', 'Computer Science', '6', ''),
('KU-CS-285', 'Karima', 'Yoldash', 'Karima Yoldash', '123', 'female', 'Computer Science', '5', ''),
('KU-CS-286', 'Feriha ', 'Farahi', 'Fariha Farahi', '123', 'female', 'Computer Science', '5', ''),
('KU-CS-287', 'Mariam ', 'Sediqi', 'Mariam Sediqi', '123', 'female', 'Computer Science', '3', ''),
('KU-CS-288', 'Weda', 'Rasoli', 'Weda Rasoli', '123', 'female', 'Computer Science', '4', ''),
('KU-CS-289', 'Masouma', 'Ahmadi', 'Masouma Ahmadi', '123', 'female', 'Computer Science', '5', ''),
('KU-CS-290', 'Saliha ', 'Hidaiat', 'Saliha Hidaiat', '123', 'female', 'Computer Science', '4', ''),
('KU-CS-291', 'Eda', 'Harshiya', 'Eda Harshiya', '123', 'female', 'Computer Science', '5', ''),
('KU-CS-292', 'Neda', 'Rahimi', 'Neda Rahimi', '123', 'female', 'Computer Science', '3', ''),
('KU-CS-293', 'Sadaf', 'Ahmadi', 'Sadaf Ahmadi', '123', 'female', 'Computer Science', '4', ''),
('KU-CS-294', 'Salda', 'ibrahimi', 'Salda Ibrahimi', '123', 'female', 'Computer Science', '4', ''),
('KU-CS-295', 'Sahar', 'Sajjadi', 'Sahar Sajjadi', '123', 'female', 'Computer Science', '3', ''),
('KU-CS-296', 'Aqela', 'Mirzad', 'Aqela Mirzad', '123', 'female', 'Computer Science', '1', ''),
('KU-CS-297', 'Muska', 'Durani', 'Muska Durani', '123', 'female', 'Computer Science', '4', ''),
('KU-CS-298', 'Sana', 'Hashimi', 'Sana Hashimi', '123', 'female', 'Computer Science', '5', ''),
('KU-CS-299', 'Spogmai ', 'Hashimi', 'Spogmai', '123', 'female', 'Computer Science', '3', ''),
('KU-CS-300', 'Adina', 'Ibrahimzai', 'Adina Ibrahimzai', '123', 'female', 'Computer Science', '8', ''),
('KU-CS-301', 'Amena', 'Asakzai', 'Amena Asakzai', '123', 'female', 'Computer Science', '7', ''),
('KU-CS-302', 'Suraya', 'Lameh', 'Surayah Lameh', '123', 'female', 'Computer Science', '7', ''),
('KU-CS-303', 'Saliha ', 'Noori', 'Saliha Noori', '123', 'female', 'Computer Science', '6', ''),
('KU-CS-304', 'Zahra ', 'Abedi', 'Zahra Abedi', '123', 'female', 'Computer Science', '5', ''),
('KU-CS-305', 'Mahaal', 'Ahmadi', 'Mahaal Ahmadi', '123', 'female', 'Computer Science', '4', ''),
('KU-CS-306', 'Mariam ', 'Attayi', 'Mariam Attayi', '123', 'female', 'Computer Science', '5', ''),
('KU-CS-307', 'Suzan ', 'Dehati', 'Suzan Dehati', '123', 'female', 'Computer Science', '7', ''),
('KU-CS-308', 'Baran', 'Ozalla', 'Baran Ozalla', '123', 'female', 'Computer Science', '6', ''),
('KU-CS-309', 'Dunya ', 'Vali', 'Dunya Vali', '123', 'female', 'Computer Science', '5', ''),
('KU-CS-310', 'Lema', 'Mayaar', 'Lema Mayaar', '123', 'female', 'Computer Science', '7', ''),
('KU-CS-311', 'Armeen ', 'Aslani', 'Armeen Aslani', '123', 'female', 'Computer Science', '6', ''),
('KU-CS-312', 'Zainab ', 'Saleh', 'Zainab Saleh', '123', 'female', 'Computer Science', '6', ''),
('KU-CS-313', 'Eylul ', 'Haidari', 'Eylul Haidari', '123', 'female', 'Computer Science', '6', ''),
('KU-CS-314', 'Zainab', 'Azizi', 'Zainab Azizi', '123', 'female', 'Computer Science', '6', ''),
('KU-CS-315', 'Zarghona', 'Aryoubi', 'Zarghona Aryoubi', '123', 'female', 'Computer Science', '6', ''),
('KU-CS-316', 'Arezo ', 'Alizai', 'Arezo Alizai', '123', 'female', 'Computer Science', '4', ''),
('KU-CS-317', 'Shabnam', 'Nazeef', 'Shabnam Nazeef', '123', 'female', 'Computer Science', '5', ''),
('KU-CS-318', 'Muska', 'Azimi', 'Muska Azimi', '123', 'female', 'Computer Science', '4', ''),
('KU-CS-319', 'Rahila', 'Muslih', 'Rahila Muslih', '123', 'female', 'Computer Science', '7', ''),
('KU-CS-320', 'Farkhonda', 'Farahi', 'Farkhonda', '123', 'female', 'Computer Science', '5', ''),
('KU-CS-321', 'Nargis', 'Samim', 'Nargis Samim', '123', 'female', 'Computer Science', '5', ''),
('KU-CS-322', 'Amena', 'Hemat', 'Amena Ramlia', '123', 'female', 'Computer Science', '4', ''),
('KU-CS-323', 'Nabila', 'Saqib', 'Nabila Saqib', '123', 'female', 'Computer Science', '5', ''),
('KU-CS-324', 'Alia', 'Saqib', 'Alia Saqib', '123', 'female', 'Computer Science', '5', ''),
('KU-CS-325', 'Palwasha', 'Noori', 'Sawdah', '123', 'female', 'Computer Science', '8', ''),
('KU-CS-326', 'Safia', 'Shinwari', 'Safia', '123', 'female', 'Computer Science', '4', ''),
('KU-CS-327', 'Sumayya ', 'Saqeb', 'Sumayya Saqeb', '123', 'female', 'Computer Science', '7', ''),
('KU-CS-329', 'Fatma ', 'Hayat', 'Fatma Hayat', '123', 'female', 'Computer Science', '8', ''),
('KU-CS-330', 'Mina', 'Sahil', 'Mina Sahil', '123', 'female', 'Computer Science', '6', ''),
('KU-CS-334', 'Mariam ', 'Jahan', 'Mariam Jahan', '123', 'female', 'Computer Science', '6', ''),
('KU-CS-335', 'Atiqa ', 'Kaberi', 'Atiqa Kaberi', '123', 'female', 'Computer Science', '7', ''),
('KU-CS-336', 'Hanifa', 'Hanif', 'Hanifa Hanif', '123', 'female', 'Computer Science', '5', ''),
('KU-CS-340', 'Safia', 'Zadran', 'Safia Zadran', '123', 'female', 'Computer Science', '8', ''),
('KU-CS-341', 'Shabnam', 'Aryoubi', 'Shabnam', '123', 'female', 'Computer Science', '8', ''),
('KU-CS-342', 'Rahmila', 'Raqee', 'Rahmila', '123', 'female', 'Computer Science', '8', ''),
('KU-CS-343', 'Shabana', 'Sediqi', 'Shabana', '123', 'female', 'Computer Science', '8', ''),
('KU-CS-344', 'Selsela', 'Azizi', 'Selsela', '123', 'female', 'Computer Science', '6', ''),
('KU-CS-345', 'Samir', 'Azizi', 'Azizi', '123', 'male', 'Computer Science', '6', ''),
('KU-CS-346', 'Jamil', 'Rahmani', 'Rahmani', '123', 'male', 'Computer Science', '7', ''),
('KU-CS-347', 'Hamida', 'Asakzai', 'Asakzai', '123', 'female', 'Computer Science', '3', ''),
('KU-CS-348', 'Amena', 'Mohammadi', 'Amena Mohammadi', '123', 'female', 'Computer Science', '6', ''),
('KU-CS-349', 'Mozhda', 'Hafizyar', 'Mozhda Hafizyar', '123', 'female', 'Computer Science', '5', ''),
('KU-CS-350', 'Zahra', 'Ahmadzai', 'Zahra Ahmadzai', '123', 'female', 'Computer Science', '3', ''),
('KU-CS-351', 'ahmadullah', 'pamiri', 'ahmad pamiri', '123', 'male', 'Computer Science', '5', ''),
('KU-CS-352', 'Musa', 'Ahmadzai', 'Musa Ahmadzai', '123', 'male', 'Computer Science', '6', ''),
('KU-CS-353', 'Essa', 'Aryoubi', 'Aryoubi', '123', 'male', 'Computer Science', '2', ''),
('KU-CS-360', 'Ahmad', 'Zazai', 'Ahmad Zazai', '123', 'male', 'Computer Science', '7', ''),
('KU-CS-361', 'Mehdia', 'Ahmadi', 'Mehdia Ahmadi', '123', 'female', 'Computer Science', '7', ''),
('KU-CS-362', 'Behdukht', 'Armani', 'Behdukht Armani', '123', 'female', 'Computer Science', '5', ''),
('KU-CS-363', 'Harira', 'Armani', 'Harira', '123', 'female', 'Computer Science', '6', ''),
('KU-CS-364', 'Sara', 'Hamidi', 'Sara', '123', 'female', 'Computer Science', '7', ''),
('KU-CS-365', 'Rana', 'Hashemi', 'Rana', '123', 'female', 'Computer Science', '6', ''),
('KU-CS-367', 'Lema', 'Mohammadi', 'Lema', '123', 'female', 'Computer Science', '6', ''),
('KU-CS-368', 'Parwana', 'Armani', 'Parwana', '123', 'female', 'Computer Science', '6', ''),
('KU-CS-369', 'Beheshta', 'Sajjadi', 'Sajjadi', '123', 'female', 'Computer Science', '5', ''),
('KU-CS-370', 'Hamid', 'Ahmadi', 'Hamid', '123', 'male', 'Computer Science', '8', ''),
('KU-CS-371', 'Ahmad', 'Kashefi', 'Kashefi', '123', 'male', 'Computer Science', '7', ''),
('KU-CS-372', 'Muhammad', 'Zadran', 'Muhammad', '123', 'male', 'Computer Science', '7', ''),
('KU-CS-373', 'Safia', 'Zadran', 'Safia', '456', 'female', 'Computer Science', '8', ''),
('KU-CS-374', 'Nadia', 'Ahmadi', 'Ahmadi', '123', 'female', 'Computer Science', '8', ''),
('KU-CS-375', 'Nazifa', 'Kazimi', 'Nazifa', 'kazimi', 'female', 'Computer Science', '8', '');

/*!40101 SET CHARACTER_SET_CLIENT=@OLD_CHARACTER_SET_CLIENT */;
/*!40101 SET CHARACTER_SET_RESULTS=@OLD_CHARACTER_SET_RESULTS */;
/*!40101 SET COLLATION_CONNECTION=@OLD_COLLATION_CONNECTION */;
