"User-ID";"ISBN";"Book-Rating"
"KU-CS-268";"1018103002";"4"
"KU-CS-277";"1018103002";"3"
"KU-CS-278";"1018103002";"4"
"KU-CS-279";"1018103002";"5"
"KU-CS-280";"1018103002";"3"
"KU-CS-281";"1018103002";"4"
"KU-CS-282";"1018103002";"5"
"KU-CS-283";"1018103002";"3"
"KU-CS-284";"1018103002";"4"
"KU-CS-285";"1018103002";"5"
"KU-CS-286";"1018103002";"3"
"KU-CS-287";"1018103002";"4"
"KU-CS-288";"1018103002";"5"
"KU-CS-289";"1018103002";"5"
"KU-CS-292";"1018103002";"5"
"KU-CS-295";"1018103002";"5"
"KU-CS-298";"1018103002";"5"
"KU-CS-266";"1118006002";"5"
"KU-CS-269";"1118006002";"5"
"KU-CS-270";"1118006002";"5"
"KU-CS-301";"1118006002";"5"
"KU-CS-304";"1118006002";"5"
"KU-CS-307";"1118006002";"5"
"KU-CS-310";"1118006002";"5"
"KU-CS-313";"1118006002";"5"
"KU-CS-316";"1118006002";"5"
"KU-CS-319";"1118006002";"5"
"KU-CS-322";"1118006002";"5"
"KU-CS-266";"1118008182";"3"
"KU-CS-269";"1118008182";"5"
"KU-CS-270";"1118008182";"5"
"KU-CS-302";"1118008182";"5"
"KU-CS-305";"1118008182";"5"
"KU-CS-308";"1118008182";"5"
"KU-CS-311";"1118008182";"5"
"KU-CS-314";"1118008182";"5"
"KU-CS-317";"1118008182";"5"
"KU-CS-320";"1118008182";"5"
"KU-CS-323";"1118008182";"5"
"KU-CS-300";"1131489062";"5"
"KU-CS-375";"1131489062";"5"
"KU-CS-231";"1132197220";"1"
"KU-CS-233";"1132197220";"5"
"KU-CS-240";"1132197220";"4"
"KU-CS-278";"1132197220";"4"
"KU-CS-325";"1132197220";"5"
"KU-CS-328";"1132197220";"5"
"KU-CS-331";"1132197220";"5"
"KU-CS-334";"1132197220";"5"
"KU-CS-337";"1132197220";"5"
"KU-CS-340";"1132197220";"5"
"KU-CS-343";"1132197220";"5"
"KU-CS-346";"1132197220";"5"
"KU-CS-349";"1132197220";"5"
"KU-CS-352";"1132197220";"5"
"KU-CS-374";"1132197220";"3"
"KU-CS-375";"1132197220";"5"
"KU-CS-230";"1133122990";"5"
"KU-CS-231";"1133122990";"4"
"KU-CS-279";"1133122990";"3"
"KU-CS-303";"1133122990";"5"
"KU-CS-306";"1133122990";"5"
"KU-CS-309";"1133122990";"5"
"KU-CS-312";"1133122990";"5"
"KU-CS-315";"1133122990";"5"
"KU-CS-318";"1133122990";"5"
"KU-CS-321";"1133122990";"5"
"KU-CS-324";"1133122990";"5"
"KU-CS-326";"1133122990";"5"
"KU-CS-329";"1133122990";"5"
"KU-CS-332";"1133122990";"5"
"KU-CS-335";"1133122990";"5"
"KU-CS-338";"1133122990";"5"
"KU-CS-341";"1133122990";"5"
"KU-CS-344";"1133122990";"5"
"KU-CS-347";"1133122990";"5"
"KU-CS-350";"1133122990";"5"
"KU-CS-353";"1133122990";"5"
"KU-CS-375";"1133122990";"3"
"KU-CS-231";"1134177220";"1"
"KU-CS-277";"1134177220";"4"
"KU-CS-281";"1134177220";"4"
"KU-CS-284";"1134177220";"4"
"KU-CS-287";"1134177220";"4"
"KU-CS-291";"1134177220";"5"
"KU-CS-294";"1134177220";"5"
"KU-CS-297";"1134177220";"5"
"KU-CS-298";"1134177220";"3"
"KU-CS-231";"1134177240";"3"
"KU-CS-278";"1134177240";"4"
"KU-CS-327";"1134177240";"5"
"KU-CS-330";"1134177240";"5"
"KU-CS-333";"1134177240";"5"
"KU-CS-336";"1134177240";"5"
"KU-CS-339";"1134177240";"5"
"KU-CS-340";"1134177240";"5"
"KU-CS-342";"1134177240";"5"
"KU-CS-345";"1134177240";"5"
"KU-CS-348";"1134177240";"5"
"KU-CS-351";"1134177240";"5"
"KU-CS-354";"1134177240";"5"
"KU-CS-374";"1134177240";"1"
"KU-CS-375";"1134177240";"5"
"KU-CS-231";"1134177290";"5"
"KU-CS-279";"1134177290";"4"
"KU-CS-325";"1134177290";"3"
"KU-CS-326";"1134177290";"5"
"KU-CS-327";"1134177290";"5"
"KU-CS-328";"1134177290";"3"
"KU-CS-329";"1134177290";"5"
"KU-CS-330";"1134177290";"5"
"KU-CS-331";"1134177290";"3"
"KU-CS-332";"1134177290";"5"
"KU-CS-333";"1134177290";"5"
"KU-CS-334";"1134177290";"3"
"KU-CS-335";"1134177290";"5"
"KU-CS-336";"1134177290";"5"
"KU-CS-337";"1134177290";"3"
"KU-CS-338";"1134177290";"5"
"KU-CS-339";"1134177290";"5"
"KU-CS-340";"1134177290";"3"
"KU-CS-341";"1134177290";"5"
"KU-CS-342";"1134177290";"5"
"KU-CS-343";"1134177290";"3"
"KU-CS-344";"1134177290";"5"
"KU-CS-345";"1134177290";"5"
"KU-CS-346";"1134177290";"3"
"KU-CS-347";"1134177290";"5"
"KU-CS-348";"1134177290";"5"
"KU-CS-349";"1134177290";"3"
"KU-CS-350";"1134177290";"5"
"KU-CS-351";"1134177290";"5"
"KU-CS-352";"1134177290";"3"
"KU-CS-353";"1134177290";"5"
"KU-CS-354";"1134177290";"5"
"KU-CS-374";"1134177290";"1"
"KU-CS-375";"1134177290";"1"
"KU-CS-269";"1134177292";"2"
"KU-CS-301";"1134177292";"3"
"KU-CS-302";"1134177292";"5"
"KU-CS-303";"1134177292";"5"
"KU-CS-304";"1134177292";"3"
"KU-CS-305";"1134177292";"5"
"KU-CS-306";"1134177292";"5"
"KU-CS-307";"1134177292";"3"
"KU-CS-308";"1134177292";"5"
"KU-CS-309";"1134177292";"5"
"KU-CS-310";"1134177292";"3"
"KU-CS-311";"1134177292";"5"
"KU-CS-312";"1134177292";"5"
"KU-CS-313";"1134177292";"3"
"KU-CS-314";"1134177292";"5"
"KU-CS-315";"1134177292";"5"
"KU-CS-316";"1134177292";"3"
"KU-CS-317";"1134177292";"5"
"KU-CS-318";"1134177292";"5"
"KU-CS-319";"1134177292";"3"
"KU-CS-320";"1134177292";"5"
"KU-CS-321";"1134177292";"5"
"KU-CS-322";"1134177292";"3"
"KU-CS-323";"1134177292";"5"
"KU-CS-324";"1134177292";"5"
"KU-CS-231";"1134177304";"5"
"KU-CS-277";"1134177304";"5"
"KU-CS-374";"1134177304";"4"
"KU-CS-375";"1134177304";"1"
"KU-CS-278";"1134177990";"5"
"KU-CS-325";"1134177990";"4"
"KU-CS-328";"1134177990";"4"
"KU-CS-331";"1134177990";"4"
"KU-CS-334";"1134177990";"4"
"KU-CS-337";"1134177990";"4"
"KU-CS-340";"1134177990";"5"
"KU-CS-343";"1134177990";"4"
"KU-CS-346";"1134177990";"4"
"KU-CS-349";"1134177990";"4"
"KU-CS-352";"1134177990";"4"
"KU-CS-375";"1134177990";"4"
"KU-CS-230";"1134177992";"3"
"KU-CS-256";"1134177992";"1"
"KU-CS-257";"1134177992";"1"
"KU-CS-258";"1134177992";"1"
"KU-CS-259";"1134177992";"5"
"KU-CS-260";"1134177992";"4"
"KU-CS-261";"1134177992";"3"
"KU-CS-262";"1134177992";"5"
"KU-CS-263";"1134177992";"4"
"KU-CS-264";"1134177992";"3"
"KU-CS-265";"1134177992";"5"
"KU-CS-266";"1134177992";"4"
"KU-CS-267";"1134177992";"3"
"KU-CS-268";"1134177992";"5"
"KU-CS-269";"1134177992";"5"
"KU-CS-271";"1134177992";"5"
"KU-CS-272";"1134177992";"4"
"KU-CS-273";"1134177992";"3"
"KU-CS-274";"1134177992";"5"
"KU-CS-275";"1134177992";"4"
"KU-CS-276";"1134177992";"3"
"KU-CS-277";"1134177992";"1"
"KU-CS-278";"1134177992";"2"
"KU-CS-279";"1134177992";"1"
"KU-CS-301";"1134177992";"5"
"KU-CS-302";"1134177992";"5"
"KU-CS-303";"1134177992";"5"
"KU-CS-304";"1134177992";"5"
"KU-CS-305";"1134177992";"5"
"KU-CS-306";"1134177992";"5"
"KU-CS-307";"1134177992";"5"
"KU-CS-308";"1134177992";"5"
"KU-CS-309";"1134177992";"5"
"KU-CS-310";"1134177992";"5"
"KU-CS-311";"1134177992";"5"
"KU-CS-312";"1134177992";"5"
"KU-CS-313";"1134177992";"5"
"KU-CS-314";"1134177992";"5"
"KU-CS-315";"1134177992";"5"
"KU-CS-316";"1134177992";"5"
"KU-CS-317";"1134177992";"5"
"KU-CS-318";"1134177992";"5"
"KU-CS-319";"1134177992";"5"
"KU-CS-320";"1134177992";"5"
"KU-CS-321";"1134177992";"5"
"KU-CS-322";"1134177992";"5"
"KU-CS-323";"1134177992";"5"
"KU-CS-324";"1134177992";"5"
"KU-CS-340";"1134177992";"1"
"KU-CS-279";"1134397993";"5"
"KU-CS-326";"1134397993";"4"
"KU-CS-329";"1134397993";"4"
"KU-CS-332";"1134397993";"4"
"KU-CS-335";"1134397993";"4"
"KU-CS-338";"1134397993";"4"
"KU-CS-340";"1134397993";"4"
"KU-CS-344";"1134397993";"4"
"KU-CS-347";"1134397993";"4"
"KU-CS-350";"1134397993";"4"
"KU-CS-353";"1134397993";"4"
"KU-CS-277";"1134694724";"3"
"KU-CS-325";"1134694724";"5"
"KU-CS-326";"1134694724";"5"
"KU-CS-327";"1134694724";"4"
"KU-CS-328";"1134694724";"5"
"KU-CS-329";"1134694724";"5"
"KU-CS-330";"1134694724";"4"
"KU-CS-331";"1134694724";"5"
"KU-CS-332";"1134694724";"5"
"KU-CS-333";"1134694724";"4"
"KU-CS-334";"1134694724";"5"
"KU-CS-335";"1134694724";"5"
"KU-CS-336";"1134694724";"4"
"KU-CS-337";"1134694724";"5"
"KU-CS-338";"1134694724";"5"
"KU-CS-339";"1134694724";"4"
"KU-CS-340";"1134694724";"3"
"KU-CS-343";"1134694724";"5"
"KU-CS-344";"1134694724";"5"
"KU-CS-345";"1134694724";"4"
"KU-CS-346";"1134694724";"5"
"KU-CS-347";"1134694724";"5"
"KU-CS-348";"1134694724";"4"
"KU-CS-349";"1134694724";"5"
"KU-CS-350";"1134694724";"5"
"KU-CS-351";"1134694724";"4"
"KU-CS-352";"1134694724";"5"
"KU-CS-353";"1134694724";"5"
"KU-CS-354";"1134694724";"4"
"KU-CS-374";"1134694724";"5"
"KU-CS-375";"1134694724";"5"
"KU-CS-278";"1188345684";"5"
"KU-CS-289";"1188345684";"3"
"KU-CS-290";"1188345684";"5"
"KU-CS-291";"1188345684";"5"
"KU-CS-292";"1188345684";"3"
"KU-CS-293";"1188345684";"5"
"KU-CS-294";"1188345684";"5"
"KU-CS-295";"1188345684";"3"
"KU-CS-296";"1188345684";"5"
"KU-CS-297";"1188345684";"5"
"KU-CS-327";"1188345684";"4"
"KU-CS-330";"1188345684";"4"
"KU-CS-333";"1188345684";"4"
"KU-CS-336";"1188345684";"4"
"KU-CS-339";"1188345684";"4"
"KU-CS-340";"1188345684";"5"
"KU-CS-345";"1188345684";"4"
"KU-CS-348";"1188345684";"4"
"KU-CS-351";"1188345684";"4"
"KU-CS-354";"1188345684";"4"
"KU-CS-279";"1188345689";"5"
"KU-CS-282";"1188345689";"3"
"KU-CS-285";"1188345689";"3"
"KU-CS-288";"1188345689";"3"
"KU-CS-289";"1188345689";"4"
"KU-CS-292";"1188345689";"4"
"KU-CS-295";"1188345689";"4"
"KU-CS-298";"1188345689";"5"
"KU-CS-299";"1188345689";"5"
"KU-CS-300";"1188345689";"5"
"KU-CS-340";"1188345689";"5"
"KU-CS-277";"1201633612";"5"
"KU-CS-278";"1201633612";"5"
"KU-CS-279";"1201633612";"5"
"KU-CS-280";"1201633612";"4"
"KU-CS-281";"1201633612";"4"
"KU-CS-282";"1201633612";"4"
"KU-CS-283";"1201633612";"4"
"KU-CS-284";"1201633612";"4"
"KU-CS-285";"1201633612";"4"
"KU-CS-286";"1201633612";"4"
"KU-CS-287";"1201633612";"4"
"KU-CS-288";"1201633612";"4"
"KU-CS-290";"1201633612";"4"
"KU-CS-293";"1201633612";"4"
"KU-CS-296";"1201633612";"4"
"KU-CS-298";"1201633612";"4"
"KU-CS-299";"1201633612";"5"
"KU-CS-300";"1201633612";"5"
"KU-CS-266";"12218006002";"5"
"KU-CS-269";"12218006002";"3"
"KU-CS-270";"12218006002";"1"
"KU-CS-303";"12218006002";"5"
"KU-CS-306";"12218006002";"5"
"KU-CS-309";"12218006002";"5"
"KU-CS-312";"12218006002";"5"
"KU-CS-315";"12218006002";"5"
"KU-CS-318";"12218006002";"5"
"KU-CS-321";"12218006002";"5"
"KU-CS-324";"12218006002";"5"
"KU-CS-231";"1234177238";"3"
"KU-CS-233";"1234177238";"3"
"KU-CS-240";"1234177238";"4"
"KU-CS-277";"1234177238";"4"
"KU-CS-325";"1234177238";"4"
"KU-CS-326";"1234177238";"3"
"KU-CS-327";"1234177238";"5"
"KU-CS-328";"1234177238";"4"
"KU-CS-329";"1234177238";"3"
"KU-CS-330";"1234177238";"5"
"KU-CS-331";"1234177238";"4"
"KU-CS-332";"1234177238";"3"
"KU-CS-333";"1234177238";"5"
"KU-CS-334";"1234177238";"4"
"KU-CS-335";"1234177238";"3"
"KU-CS-336";"1234177238";"5"
"KU-CS-337";"1234177238";"4"
"KU-CS-338";"1234177238";"3"
"KU-CS-339";"1234177238";"5"
"KU-CS-340";"1234177238";"3"
"KU-CS-343";"1234177238";"4"
"KU-CS-344";"1234177238";"3"
"KU-CS-345";"1234177238";"5"
"KU-CS-346";"1234177238";"4"
"KU-CS-347";"1234177238";"3"
"KU-CS-348";"1234177238";"5"
"KU-CS-349";"1234177238";"4"
"KU-CS-350";"1234177238";"3"
"KU-CS-351";"1234177238";"5"
"KU-CS-352";"1234177238";"4"
"KU-CS-353";"1234177238";"3"
"KU-CS-354";"1234177238";"5"
"KU-CS-374";"1234177238";"4"
"KU-CS-269";"1291946228";"3"
"KU-CS-270";"1291946228";"5"
"KU-CS-301";"1291946228";"4"
"KU-CS-304";"1291946228";"4"
"KU-CS-307";"1291946228";"4"
"KU-CS-310";"1291946228";"4"
"KU-CS-313";"1291946228";"4"
"KU-CS-316";"1291946228";"4"
"KU-CS-319";"1291946228";"4"
"KU-CS-322";"1291946228";"4"
"KU-CS-269";"1449340377";"5"
"KU-CS-270";"1449340377";"5"
"KU-CS-301";"1449340377";"5"
"KU-CS-302";"1449340377";"4"
"KU-CS-303";"1449340377";"4"
"KU-CS-304";"1449340377";"5"
"KU-CS-305";"1449340377";"4"
"KU-CS-306";"1449340377";"4"
"KU-CS-307";"1449340377";"5"
"KU-CS-308";"1449340377";"4"
"KU-CS-309";"1449340377";"4"
"KU-CS-310";"1449340377";"5"
"KU-CS-311";"1449340377";"4"
"KU-CS-312";"1449340377";"4"
"KU-CS-313";"1449340377";"5"
"KU-CS-314";"1449340377";"4"
"KU-CS-315";"1449340377";"4"
"KU-CS-316";"1449340377";"5"
"KU-CS-317";"1449340377";"4"
"KU-CS-318";"1449340377";"4"
"KU-CS-319";"1449340377";"5"
"KU-CS-320";"1449340377";"4"
"KU-CS-321";"1449340377";"4"
"KU-CS-322";"1449340377";"5"
"KU-CS-323";"1449340377";"4"
"KU-CS-324";"1449340377";"4"
"KU-CS-266";"1449355730";"3"
"KU-CS-269";"1449355730";"5"
"KU-CS-270";"1449355730";"1"
"KU-CS-302";"1449355730";"5"
"KU-CS-305";"1449355730";"5"
"KU-CS-308";"1449355730";"5"
"KU-CS-311";"1449355730";"5"
"KU-CS-314";"1449355730";"5"
"KU-CS-317";"1449355730";"5"
"KU-CS-320";"1449355730";"5"
"KU-CS-324";"1449355730";"5"
"KU-CS-374";"1449355730";"5"
"KU-CS-279";"1449363758";"4"
"KU-CS-280";"1449363758";"5"
"KU-CS-283";"1449363758";"5"
"KU-CS-286";"1449363758";"5"
"KU-CS-291";"1449363758";"4"
"KU-CS-294";"1449363758";"4"
"KU-CS-297";"1449363758";"4"
"KU-CS-299";"1449363758";"5"
"KU-CS-278";"1449390544";"4"
"KU-CS-281";"1449390544";"5"
"KU-CS-282";"1449390544";"5"
"KU-CS-284";"1449390544";"5"
"KU-CS-285";"1449390544";"5"
"KU-CS-287";"1449390544";"5"
"KU-CS-288";"1449390544";"5"
"KU-CS-298";"1449390544";"5"
"KU-CS-299";"1449390544";"4"
"KU-CS-300";"1449390544";"4"
"KU-CS-277";"1490568967";"5"
"KU-CS-278";"1490568967";"5"
"KU-CS-279";"1490568967";"4"
"KU-CS-280";"1490568967";"5"
"KU-CS-281";"1490568967";"5"
"KU-CS-282";"1490568967";"5"
"KU-CS-283";"1490568967";"5"
"KU-CS-284";"1490568967";"5"
"KU-CS-285";"1490568967";"5"
"KU-CS-286";"1490568967";"5"
"KU-CS-287";"1490568967";"5"
"KU-CS-288";"1490568967";"5"
"KU-CS-289";"1490568967";"5"
"KU-CS-290";"1490568967";"5"
"KU-CS-291";"1490568967";"5"
"KU-CS-292";"1490568967";"5"
"KU-CS-293";"1490568967";"5"
"KU-CS-294";"1490568967";"5"
"KU-CS-295";"1490568967";"5"
"KU-CS-296";"1490568967";"5"
"KU-CS-297";"1490568967";"5"
"KU-CS-300";"1490568967";"4"
"KU-CS-277";"1491905018";"4"
"KU-CS-280";"1491905018";"3"
"KU-CS-281";"1491905018";"5"
"KU-CS-282";"1491905018";"5"
"KU-CS-283";"1491905018";"3"
"KU-CS-284";"1491905018";"5"
"KU-CS-285";"1491905018";"5"
"KU-CS-286";"1491905018";"3"
"KU-CS-287";"1491905018";"5"
"KU-CS-288";"1491905018";"5"
"KU-CS-298";"1491905018";"4"
"KU-CS-299";"1491905018";"3"
"KU-CS-300";"1491905018";"5"
"KU-CS-278";"1491918667";"3"
"KU-CS-280";"1491918667";"4"
"KU-CS-283";"1491918667";"4"
"KU-CS-286";"1491918667";"4"
"KU-CS-298";"1491918667";"4"
"KU-CS-299";"1491918667";"3"
"KU-CS-300";"1491918667";"5"
"KU-CS-279";"1491936088";"5"
"KU-CS-281";"1491936088";"4"
"KU-CS-284";"1491936088";"4"
"KU-CS-287";"1491936088";"4"
"KU-CS-298";"1491936088";"4"
"KU-CS-269";"1491946008";"5"
"KU-CS-270";"1491946008";"4"
"KU-CS-303";"1491946008";"4"
"KU-CS-306";"1491946008";"4"
"KU-CS-309";"1491946008";"4"
"KU-CS-312";"1491946008";"4"
"KU-CS-315";"1491946008";"4"
"KU-CS-318";"1491946008";"4"
"KU-CS-321";"1491946008";"4"
"KU-CS-323";"1491946008";"4"
"KU-CS-277";"1491958863";"4"
"KU-CS-282";"1491958863";"4"
"KU-CS-285";"1491958863";"4"
"KU-CS-288";"1491958863";"4"
"KU-CS-299";"1491958863";"3"
"KU-CS-375";"1491958863";"4"
"KU-CS-266";"14933946234";"5"
"KU-CS-270";"14933946234";"5"
"KU-CS-301";"14933946234";"4"
"KU-CS-304";"14933946234";"4"
"KU-CS-307";"14933946234";"4"
"KU-CS-310";"14933946234";"4"
"KU-CS-313";"14933946234";"4"
"KU-CS-316";"14933946234";"4"
"KU-CS-319";"14933946234";"4"
"KU-CS-322";"14933946234";"4"
"KU-CS-278";"1549578669";"5"
"KU-CS-280";"1549578669";"5"
"KU-CS-283";"1549578669";"5"
"KU-CS-286";"1549578669";"5"
"KU-CS-300";"1549578669";"5"
"KU-CS-279";"1596008678";"4"
"KU-CS-281";"1596008678";"5"
"KU-CS-284";"1596008678";"5"
"KU-CS-287";"1596008678";"5"
"KU-CS-298";"1596008678";"4"
"KU-CS-375";"1596008678";"3"
"KU-CS-233";"1596009208";"5"
"KU-CS-277";"1596009208";"4"
"KU-CS-278";"1596009208";"5"
"KU-CS-279";"1596009208";"4"
"KU-CS-325";"1596009208";"4"
"KU-CS-326";"1596009208";"3"
"KU-CS-327";"1596009208";"5"
"KU-CS-328";"1596009208";"4"
"KU-CS-329";"1596009208";"3"
"KU-CS-330";"1596009208";"5"
"KU-CS-331";"1596009208";"4"
"KU-CS-332";"1596009208";"3"
"KU-CS-333";"1596009208";"5"
"KU-CS-334";"1596009208";"4"
"KU-CS-335";"1596009208";"3"
"KU-CS-336";"1596009208";"5"
"KU-CS-337";"1596009208";"4"
"KU-CS-338";"1596009208";"3"
"KU-CS-339";"1596009208";"5"
"KU-CS-343";"1596009208";"4"
"KU-CS-344";"1596009208";"3"
"KU-CS-345";"1596009208";"5"
"KU-CS-346";"1596009208";"4"
"KU-CS-347";"1596009208";"3"
"KU-CS-348";"1596009208";"5"
"KU-CS-349";"1596009208";"4"
"KU-CS-350";"1596009208";"3"
"KU-CS-351";"1596009208";"5"
"KU-CS-352";"1596009208";"4"
"KU-CS-353";"1596009208";"3"
"KU-CS-354";"1596009208";"5"
"KU-CS-374";"1596009208";"5"
"KU-CS-266";"1596158106";"3"
"KU-CS-270";"1596158106";"3"
"KU-CS-302";"1596158106";"3"
"KU-CS-305";"1596158106";"3"
"KU-CS-308";"1596158106";"3"
"KU-CS-311";"1596158106";"3"
"KU-CS-314";"1596158106";"3"
"KU-CS-317";"1596158106";"3"
"KU-CS-320";"1596158106";"3"
"KU-CS-323";"1596158106";"3"
"KU-CS-233";"1596159900";"5"
"KU-CS-277";"1596159900";"4"
"KU-CS-278";"1596159900";"5"
"KU-CS-279";"1596159900";"4"
"KU-CS-282";"1596159900";"4"
"KU-CS-285";"1596159900";"4"
"KU-CS-288";"1596159900";"4"
"KU-CS-299";"1596159900";"3"
"KU-CS-302";"1596159900";"3"
"KU-CS-305";"1596159900";"3"
"KU-CS-308";"1596159900";"3"
"KU-CS-311";"1596159900";"3"
"KU-CS-314";"1596159900";"3"
"KU-CS-317";"1596159900";"3"
"KU-CS-320";"1596159900";"3"
"KU-CS-323";"1596159900";"3"
"KU-CS-233";"1680502883";"4"
"KU-CS-278";"1680502883";"5"
"KU-CS-280";"1680502883";"4"
"KU-CS-281";"1680502883";"3"
"KU-CS-282";"1680502883";"5"
"KU-CS-283";"1680502883";"4"
"KU-CS-284";"1680502883";"3"
"KU-CS-285";"1680502883";"5"
"KU-CS-286";"1680502883";"4"
"KU-CS-287";"1680502883";"3"
"KU-CS-288";"1680502883";"5"
"KU-CS-300";"1680502883";"5"
"KU-CS-326";"1680502883";"3"
"KU-CS-327";"1680502883";"5"
"KU-CS-329";"1680502883";"3"
"KU-CS-330";"1680502883";"5"
"KU-CS-332";"1680502883";"3"
"KU-CS-333";"1680502883";"5"
"KU-CS-335";"1680502883";"3"
"KU-CS-336";"1680502883";"5"
"KU-CS-338";"1680502883";"3"
"KU-CS-339";"1680502883";"5"
"KU-CS-344";"1680502883";"3"
"KU-CS-345";"1680502883";"5"
"KU-CS-347";"1680502883";"3"
"KU-CS-348";"1680502883";"5"
"KU-CS-350";"1680502883";"3"
"KU-CS-351";"1680502883";"5"
"KU-CS-353";"1680502883";"3"
"KU-CS-354";"1680502883";"5"
"KU-CS-233";"1680505467";"1"
"KU-CS-277";"1680505467";"4"
"KU-CS-280";"1680505467";"4"
"KU-CS-283";"1680505467";"4"
"KU-CS-286";"1680505467";"4"
"KU-CS-298";"1680505467";"4"
"KU-CS-299";"1680505467";"3"
"KU-CS-300";"1680505467";"5"
"KU-CS-325";"1680505467";"4"
"KU-CS-328";"1680505467";"4"
"KU-CS-331";"1680505467";"4"
"KU-CS-334";"1680505467";"4"
"KU-CS-337";"1680505467";"4"
"KU-CS-343";"1680505467";"4"
"KU-CS-346";"1680505467";"4"
"KU-CS-349";"1680505467";"4"
"KU-CS-352";"1680505467";"4"
"KU-CS-233";"17761581877";"5"
"KU-CS-279";"17761581877";"4"
"KU-CS-281";"17761581877";"3"
"KU-CS-284";"17761581877";"3"
"KU-CS-287";"17761581877";"3"
"KU-CS-298";"17761581877";"4"
"KU-CS-299";"17761581877";"3"
"KU-CS-300";"17761581877";"5"
"KU-CS-325";"1780134685991";"4"
"KU-CS-326";"1780134685991";"3"
"KU-CS-327";"1780134685991";"5"
"KU-CS-328";"1780134685991";"4"
"KU-CS-329";"1780134685991";"3"
"KU-CS-330";"1780134685991";"5"
"KU-CS-331";"1780134685991";"4"
"KU-CS-332";"1780134685991";"3"
"KU-CS-333";"1780134685991";"5"
"KU-CS-334";"1780134685991";"4"
"KU-CS-335";"1780134685991";"3"
"KU-CS-336";"1780134685991";"5"
"KU-CS-337";"1780134685991";"4"
"KU-CS-338";"1780134685991";"3"
"KU-CS-339";"1780134685991";"5"
"KU-CS-343";"1780134685991";"4"
"KU-CS-344";"1780134685991";"3"
"KU-CS-345";"1780134685991";"5"
"KU-CS-346";"1780134685991";"4"
"KU-CS-347";"1780134685991";"3"
"KU-CS-348";"1780134685991";"5"
"KU-CS-349";"1780134685991";"4"
"KU-CS-350";"1780134685991";"3"
"KU-CS-351";"1780134685991";"5"
"KU-CS-352";"1780134685991";"4"
"KU-CS-353";"1780134685991";"3"
"KU-CS-354";"1780134685991";"5"
"KU-CS-266";"17811853122";"5"
"KU-CS-269";"17811853122";"5"
"KU-CS-303";"17811853122";"5"
"KU-CS-306";"17811853122";"5"
"KU-CS-309";"17811853122";"5"
"KU-CS-312";"17811853122";"5"
"KU-CS-315";"17811853122";"5"
"KU-CS-318";"17811853122";"5"
"KU-CS-321";"17811853122";"5"
"KU-CS-324";"17811853122";"5"
"KU-CS-266";"17811853162";"1"
"KU-CS-270";"17811853162";"5"
"KU-CS-301";"17811853162";"4"
"KU-CS-302";"17811853162";"3"
"KU-CS-303";"17811853162";"5"
"KU-CS-304";"17811853162";"4"
"KU-CS-305";"17811853162";"3"
"KU-CS-306";"17811853162";"5"
"KU-CS-307";"17811853162";"4"
"KU-CS-308";"17811853162";"3"
"KU-CS-309";"17811853162";"5"
"KU-CS-310";"17811853162";"4"
"KU-CS-311";"17811853162";"3"
"KU-CS-312";"17811853162";"5"
"KU-CS-313";"17811853162";"4"
"KU-CS-314";"17811853162";"3"
"KU-CS-315";"17811853162";"5"
"KU-CS-316";"17811853162";"4"
"KU-CS-317";"17811853162";"3"
"KU-CS-318";"17811853162";"5"
"KU-CS-319";"17811853162";"4"
"KU-CS-320";"17811853162";"3"
"KU-CS-321";"17811853162";"5"
"KU-CS-322";"17811853162";"4"
"KU-CS-323";"17811853162";"3"
"KU-CS-324";"17811853162";"5"
"KU-CS-374";"17811853162";"4"
"KU-CS-277";"17811853164";"4"
"KU-CS-278";"17811853164";"5"
"KU-CS-279";"17811853164";"4"
"KU-CS-282";"17811853164";"5"
"KU-CS-285";"17811853164";"5"
"KU-CS-288";"17811853164";"5"
"KU-CS-298";"17811853164";"4"
"KU-CS-326";"17811853164";"3"
"KU-CS-327";"17811853164";"5"
"KU-CS-329";"17811853164";"3"
"KU-CS-330";"17811853164";"5"
"KU-CS-332";"17811853164";"3"
"KU-CS-333";"17811853164";"5"
"KU-CS-335";"17811853164";"3"
"KU-CS-336";"17811853164";"5"
"KU-CS-338";"17811853164";"3"
"KU-CS-339";"17811853164";"5"
"KU-CS-344";"17811853164";"3"
"KU-CS-345";"17811853164";"5"
"KU-CS-347";"17811853164";"3"
"KU-CS-348";"17811853164";"5"
"KU-CS-350";"17811853164";"3"
"KU-CS-351";"17811853164";"5"
"KU-CS-353";"17811853164";"3"
"KU-CS-354";"17811853164";"5"
"KU-CS-266";"17811855162";"3"
"KU-CS-266";"19961581888";"4"
"KU-CS-269";"19961581888";"5"
"KU-CS-301";"19961581888";"4"
"KU-CS-302";"19961581888";"3"
"KU-CS-303";"19961581888";"5"
"KU-CS-304";"19961581888";"4"
"KU-CS-305";"19961581888";"3"
"KU-CS-306";"19961581888";"5"
"KU-CS-307";"19961581888";"4"
"KU-CS-308";"19961581888";"3"
"KU-CS-309";"19961581888";"5"
"KU-CS-310";"19961581888";"4"
"KU-CS-311";"19961581888";"3"
"KU-CS-312";"19961581888";"5"
"KU-CS-313";"19961581888";"4"
"KU-CS-314";"19961581888";"3"
"KU-CS-315";"19961581888";"5"
"KU-CS-316";"19961581888";"4"
"KU-CS-317";"19961581888";"3"
"KU-CS-318";"19961581888";"5"
"KU-CS-319";"19961581888";"4"
"KU-CS-320";"19961581888";"3"
"KU-CS-321";"19961581888";"5"
"KU-CS-322";"19961581888";"4"
"KU-CS-323";"19961581888";"3"
"KU-CS-324";"19961581888";"5"
"KU-CS-374";"19961581888";"3"
"KU-CS-360";"2124122590";"5"
"KU-CS-361";"2124122590";"5"
"KU-CS-362";"2124122590";"5"
"KU-CS-363";"2124122590";"5"
"KU-CS-364";"2124122590";"5"
"KU-CS-365";"2124122590";"5"
"KU-CS-366";"2124122590";"5"
"KU-CS-367";"2124122590";"5"
"KU-CS-368";"2124122590";"5"
"KU-CS-369";"2124122590";"5"
"KU-CS-370";"2124122590";"5"
"KU-CS-360";"2134100543";"3"
"KU-CS-361";"2134100543";"5"
"KU-CS-362";"2134100543";"5"
"KU-CS-363";"2134100543";"3"
"KU-CS-364";"2134100543";"5"
"KU-CS-365";"2134100543";"5"
"KU-CS-366";"2134100543";"3"
"KU-CS-367";"2134100543";"5"
"KU-CS-368";"2134100543";"5"
"KU-CS-369";"2134100543";"3"
"KU-CS-370";"2134100543";"5"
"KU-CS-360";"2134177990";"4"
"KU-CS-363";"2134177990";"4"
"KU-CS-366";"2134177990";"4"
"KU-CS-369";"2134177990";"4"
"KU-CS-301";"215698324";"4"
"KU-CS-304";"215698324";"4"
"KU-CS-307";"215698324";"4"
"KU-CS-310";"215698324";"4"
"KU-CS-313";"215698324";"4"
"KU-CS-316";"215698324";"4"
"KU-CS-319";"215698324";"4"
"KU-CS-322";"215698324";"4"
"KU-CS-361";"215698324";"3"
"KU-CS-364";"215698324";"4"
"KU-CS-367";"215698324";"4"
"KU-CS-370";"215698324";"4"
"KU-CS-361";"2184920301";"1"
"KU-CS-362";"2184920301";"4"
"KU-CS-365";"2184920301";"4"
"KU-CS-368";"2184920301";"4"
"KU-CS-360";"2184920303";"5"
"KU-CS-363";"2184920303";"5"
"KU-CS-366";"2184920303";"5"
"KU-CS-369";"2184920303";"5"
"KU-CS-361";"2184920316";"5"
"KU-CS-364";"2184920316";"5"
"KU-CS-367";"2184920316";"5"
"KU-CS-370";"2184920316";"5"
"KU-CS-362";"2280505469";"4"
"KU-CS-365";"2280505469";"4"
"KU-CS-368";"2280505469";"4"
"KU-CS-360";"22811852164";"4"
"KU-CS-363";"22811852164";"4"
"KU-CS-366";"22811852164";"4"
"KU-CS-369";"22811852164";"4"
"KU-CS-361";"2449340332";"3"
"KU-CS-362";"2449340332";"5"
"KU-CS-364";"2449340332";"3"
"KU-CS-365";"2449340332";"5"
"KU-CS-367";"2449340332";"3"
"KU-CS-368";"2449340332";"5"
"KU-CS-370";"2449340332";"3"
"KU-CS-280";"77811853121";"4"
"KU-CS-281";"77811853121";"3"
"KU-CS-282";"77811853121";"5"
"KU-CS-283";"77811853121";"4"
"KU-CS-284";"77811853121";"3"
"KU-CS-285";"77811853121";"5"
"KU-CS-286";"77811853121";"4"
"KU-CS-287";"77811853121";"3"
"KU-CS-288";"77811853121";"5"
"KU-CS-299";"77811853121";"3"
"KU-CS-300";"77811853121";"5"
"KU-CS-325";"77811853121";"4"
"KU-CS-328";"77811853121";"4"
"KU-CS-331";"77811853121";"4"
"KU-CS-334";"77811853121";"4"
"KU-CS-337";"77811853121";"4"
"KU-CS-343";"77811853121";"4"
"KU-CS-346";"77811853121";"4"
"KU-CS-349";"77811853121";"4"
"KU-CS-352";"77811853121";"4"
"KU-CS-234";"9124122590";"5"
"KU-CS-235";"9124122590";"5"
"KU-CS-240";"9124122590";"4"
"KU-CS-241";"9124122590";"5"
"KU-CS-242";"9124122590";"5"
"KU-CS-243";"9124122590";"4"
"KU-CS-248";"9124122590";"5"
"KU-CS-251";"9124122590";"5"
"KU-CS-253";"9124122590";"5"
"KU-CS-259";"9124122590";"5"
"KU-CS-262";"9124122590";"5"
"KU-CS-265";"9124122590";"5"
"KU-CS-268";"9124122590";"5"
"KU-CS-271";"9124122590";"5"
"KU-CS-274";"9124122590";"5"
"KU-CS-277";"9124122590";"1"
"KU-CS-234";"9134122990";"5"
"KU-CS-235";"9134122990";"5"
"KU-CS-240";"9134122990";"3"
"KU-CS-250";"9134122990";"5"
"KU-CS-252";"9134122990";"3"
"KU-CS-254";"9134122990";"5"
"KU-CS-255";"9134122990";"3"
"KU-CS-256";"9134122990";"4"
"KU-CS-257";"9134122990";"5"
"KU-CS-259";"9134122990";"5"
"KU-CS-260";"9134122990";"4"
"KU-CS-263";"9134122990";"4"
"KU-CS-266";"9134122990";"4"
"KU-CS-269";"9134122990";"4"
"KU-CS-272";"9134122990";"4"
"KU-CS-275";"9134122990";"4"
"KU-CS-278";"9134122990";"2"
"KU-CS-234";"9134177220";"5"
"KU-CS-235";"9134177220";"5"
"KU-CS-240";"9134177220";"3"
"KU-CS-249";"9134177220";"3"
"KU-CS-250";"9134177220";"5"
"KU-CS-252";"9134177220";"3"
"KU-CS-253";"9134177220";"5"
"KU-CS-256";"9134177220";"5"
"KU-CS-261";"9134177220";"3"
"KU-CS-264";"9134177220";"3"
"KU-CS-267";"9134177220";"3"
"KU-CS-270";"9134177220";"3"
"KU-CS-273";"9134177220";"3"
"KU-CS-276";"9134177220";"3"
"KU-CS-279";"9134177220";"1"
"KU-CS-253";"9134177240";"5"
"KU-CS-254";"9134177240";"2"
"KU-CS-255";"9134177240";"3"
"KU-CS-259";"9134177240";"5"
"KU-CS-262";"9134177240";"5"
"KU-CS-265";"9134177240";"5"
"KU-CS-268";"9134177240";"5"
"KU-CS-271";"9134177240";"5"
"KU-CS-274";"9134177240";"5"
"KU-CS-277";"9134177240";"1"
"KU-CS-269";"9134177290";"4"
"KU-CS-270";"9134177290";"5"
"KU-CS-301";"9134177290";"4"
"KU-CS-302";"9134177290";"3"
"KU-CS-303";"9134177290";"5"
"KU-CS-304";"9134177290";"4"
"KU-CS-305";"9134177290";"3"
"KU-CS-306";"9134177290";"5"
"KU-CS-307";"9134177290";"4"
"KU-CS-308";"9134177290";"3"
"KU-CS-309";"9134177290";"5"
"KU-CS-310";"9134177290";"4"
"KU-CS-311";"9134177290";"3"
"KU-CS-312";"9134177290";"5"
"KU-CS-313";"9134177290";"4"
"KU-CS-314";"9134177290";"3"
"KU-CS-315";"9134177290";"5"
"KU-CS-316";"9134177290";"4"
"KU-CS-317";"9134177290";"3"
"KU-CS-318";"9134177290";"5"
"KU-CS-319";"9134177290";"4"
"KU-CS-320";"9134177290";"3"
"KU-CS-321";"9134177290";"5"
"KU-CS-322";"9134177290";"4"
"KU-CS-323";"9134177290";"3"
"KU-CS-324";"9134177290";"5"
"KU-CS-253";"9134177330";"5"
"KU-CS-254";"9134177330";"5"
"KU-CS-255";"9134177330";"3"
"KU-CS-260";"9134177330";"4"
"KU-CS-263";"9134177330";"4"
"KU-CS-266";"9134177330";"4"
"KU-CS-269";"9134177330";"4"
"KU-CS-272";"9134177330";"4"
"KU-CS-275";"9134177330";"4"
"KU-CS-278";"9134177330";"2"
"KU-CS-234";"9134177920";"5"
"KU-CS-235";"9134177920";"5"
"KU-CS-240";"9134177920";"3"
"KU-CS-247";"9134177920";"5"
"KU-CS-249";"9134177920";"3"
"KU-CS-250";"9134177920";"5"
"KU-CS-254";"9134177920";"5"
"KU-CS-256";"9134177920";"5"
"KU-CS-261";"9134177920";"3"
"KU-CS-264";"9134177920";"3"
"KU-CS-267";"9134177920";"3"
"KU-CS-270";"9134177920";"3"
"KU-CS-273";"9134177920";"3"
"KU-CS-276";"9134177920";"3"
"KU-CS-279";"9134177920";"1"
"KU-CS-234";"9134187990";"5"
"KU-CS-235";"9134187990";"5"
"KU-CS-240";"9134187990";"3"
"KU-CS-247";"9134187990";"5"
"KU-CS-252";"9134187990";"3"
"KU-CS-255";"9134187990";"3"
"KU-CS-256";"9134187990";"5"
"KU-CS-259";"9134187990";"5"
"KU-CS-263";"9134187990";"5"
"KU-CS-265";"9134187990";"5"
"KU-CS-268";"9134187990";"5"
"KU-CS-271";"9134187990";"5"
"KU-CS-274";"9134187990";"5"
"KU-CS-277";"9134187990";"1"
"KU-CS-247";"9144122970";"5"
"KU-CS-248";"9144122970";"5"
"KU-CS-249";"9144122970";"3"
"KU-CS-250";"9144122970";"5"
"KU-CS-256";"9144122970";"4"
"KU-CS-260";"9144122970";"4"
"KU-CS-264";"9144122970";"4"
"KU-CS-266";"9144122970";"4"
"KU-CS-269";"9144122970";"4"
"KU-CS-272";"9144122970";"4"
"KU-CS-275";"9144122970";"4"
"KU-CS-278";"9144122970";"1"
"KU-CS-234";"9184920301";"5"
"KU-CS-235";"9184920301";"5"
"KU-CS-240";"9184920301";"3"
"KU-CS-241";"9184920301";"5"
"KU-CS-242";"9184920301";"5"
"KU-CS-243";"9184920301";"3"
"KU-CS-247";"9184920301";"5"
"KU-CS-249";"9184920301";"3"
"KU-CS-251";"9184920301";"5"
"KU-CS-253";"9184920301";"5"
"KU-CS-256";"9184920301";"5"
"KU-CS-261";"9184920301";"3"
"KU-CS-262";"9184920301";"3"
"KU-CS-267";"9184920301";"3"
"KU-CS-270";"9184920301";"3"
"KU-CS-273";"9184920301";"3"
"KU-CS-276";"9184920301";"3"
"KU-CS-279";"9184920301";"1"
"KU-CS-234";"9218006002";"5"
"KU-CS-235";"9218006002";"5"
"KU-CS-240";"9218006002";"4"
"KU-CS-248";"9218006002";"5"
"KU-CS-249";"9218006002";"5"
"KU-CS-251";"9218006002";"5"
"KU-CS-254";"9218006002";"5"
"KU-CS-256";"9218006002";"5"
"KU-CS-257";"9218006002";"5"
"KU-CS-259";"9218006002";"5"
"KU-CS-262";"9218006002";"5"
"KU-CS-265";"9218006002";"5"
"KU-CS-268";"9218006002";"5"
"KU-CS-271";"9218006002";"5"
"KU-CS-274";"9218006002";"5"
"KU-CS-277";"9218006002";"2"
"KU-CS-236";"9312417797";"4"
"KU-CS-237";"9312417797";"5"
"KU-CS-238";"9312417797";"5"
"KU-CS-241";"9312417797";"5"
"KU-CS-242";"9312417797";"5"
"KU-CS-243";"9312417797";"3"
"KU-CS-244";"9312417797";"5"
"KU-CS-245";"9312417797";"5"
"KU-CS-246";"9312417797";"3"
"KU-CS-248";"9312417797";"5"
"KU-CS-255";"9312417797";"3"
"KU-CS-256";"9312417797";"4"
"KU-CS-257";"9312417797";"5"
"KU-CS-259";"9312417797";"5"
"KU-CS-260";"9312417797";"4"
"KU-CS-263";"9312417797";"4"
"KU-CS-266";"9312417797";"4"
"KU-CS-269";"9312417797";"4"
"KU-CS-272";"9312417797";"4"
"KU-CS-275";"9312417797";"4"
"KU-CS-278";"9312417797";"1"
"KU-CS-340";"9312417797";"2"
"KU-CS-234";"9313417797";"5"
"KU-CS-235";"9313417797";"5"
"KU-CS-236";"9313417797";"5"
"KU-CS-237";"9313417797";"5"
"KU-CS-238";"9313417797";"5"
"KU-CS-241";"9313417797";"5"
"KU-CS-242";"9313417797";"5"
"KU-CS-243";"9313417797";"3"
"KU-CS-247";"9313417797";"5"
"KU-CS-250";"9313417797";"5"
"KU-CS-251";"9313417797";"5"
"KU-CS-253";"9313417797";"5"
"KU-CS-254";"9313417797";"5"
"KU-CS-255";"9313417797";"3"
"KU-CS-257";"9313417797";"5"
"KU-CS-261";"9313417797";"3"
"KU-CS-264";"9313417797";"3"
"KU-CS-267";"9313417797";"3"
"KU-CS-270";"9313417797";"3"
"KU-CS-273";"9313417797";"3"
"KU-CS-276";"9313417797";"3"
"KU-CS-279";"9313417797";"1"
"KU-CS-286";"9313417797";"1"
"KU-CS-234";"9449340268";"5"
"KU-CS-235";"9449340268";"5"
"KU-CS-236";"9449340268";"4"
"KU-CS-237";"9449340268";"4"
"KU-CS-238";"9449340268";"4"
"KU-CS-240";"9449340268";"4"
"KU-CS-248";"9449340268";"5"
"KU-CS-249";"9449340268";"5"
"KU-CS-252";"9449340268";"3"
"KU-CS-253";"9449340268";"5"
"KU-CS-254";"9449340268";"5"
"KU-CS-255";"9449340268";"3"
"KU-CS-257";"9449340268";"5"
"KU-CS-287";"9449340268";"1"
"KU-CS-234";"9449340388";"5"
"KU-CS-236";"9449340388";"5"
"KU-CS-237";"9449340388";"5"
"KU-CS-238";"9449340388";"5"
"KU-CS-241";"9449340388";"5"
"KU-CS-242";"9449340388";"5"
"KU-CS-243";"9449340388";"4"
"KU-CS-244";"9449340388";"5"
"KU-CS-245";"9449340388";"5"
"KU-CS-246";"9449340388";"4"
"KU-CS-249";"9449340388";"3"
"KU-CS-250";"9449340388";"5"
"KU-CS-251";"9449340388";"5"
"KU-CS-252";"9449340388";"3"
"KU-CS-253";"9449340388";"5"
"KU-CS-257";"9449340388";"4"
"KU-CS-259";"9449340388";"5"
"KU-CS-260";"9449340388";"4"
"KU-CS-261";"9449340388";"3"
"KU-CS-262";"9449340388";"5"
"KU-CS-263";"9449340388";"4"
"KU-CS-264";"9449340388";"3"
"KU-CS-265";"9449340388";"5"
"KU-CS-266";"9449340388";"4"
"KU-CS-267";"9449340388";"3"
"KU-CS-268";"9449340388";"5"
"KU-CS-269";"9449340388";"4"
"KU-CS-270";"9449340388";"3"
"KU-CS-271";"9449340388";"5"
"KU-CS-272";"9449340388";"4"
"KU-CS-273";"9449340388";"3"
"KU-CS-274";"9449340388";"5"
"KU-CS-275";"9449340388";"4"
"KU-CS-276";"9449340388";"3"
"KU-CS-277";"9449340388";"2"
"KU-CS-278";"9449340388";"2"
"KU-CS-279";"9449340388";"1"
"KU-CS-288";"9449340388";"1"
"KU-CS-238";"9587205007";"5"
"KU-CS-241";"9587205007";"5"
"KU-CS-242";"9587205007";"5"
"KU-CS-243";"9587205007";"4"
"KU-CS-244";"9587205007";"5"
"KU-CS-245";"9587205007";"5"
"KU-CS-246";"9587205007";"4"
"KU-CS-247";"9587205007";"5"
"KU-CS-248";"9587205007";"5"
"KU-CS-249";"9587205007";"3"
"KU-CS-250";"9587205007";"5"
"KU-CS-252";"9587205007";"3"
"KU-CS-254";"9587205007";"5"
"KU-CS-257";"9587205007";"5"
"KU-CS-259";"9587205007";"5"
"KU-CS-262";"9587205007";"5"
"KU-CS-265";"9587205007";"5"
"KU-CS-271";"9587205007";"5"
"KU-CS-274";"9587205007";"5"
"KU-CS-277";"9587205007";"1"
"KU-CS-288";"9587205007";"1"
"KU-CS-253";"9587205812";"5"
"KU-CS-254";"9587205812";"5"
"KU-CS-255";"9587205812";"3"
"KU-CS-286";"9587205812";"1"
"KU-CS-236";"9587205815";"4"
"KU-CS-237";"9587205815";"5"
"KU-CS-238";"9587205815";"5"
"KU-CS-241";"9587205815";"5"
"KU-CS-242";"9587205815";"5"
"KU-CS-243";"9587205815";"4"
"KU-CS-244";"9587205815";"5"
"KU-CS-245";"9587205815";"5"
"KU-CS-246";"9587205815";"4"
"KU-CS-247";"9587205815";"5"
"KU-CS-251";"9587205815";"5"
"KU-CS-255";"9587205815";"3"
"KU-CS-257";"9587205815";"4"
"KU-CS-260";"9587205815";"4"
"KU-CS-263";"9587205815";"4"
"KU-CS-266";"9587205815";"4"
"KU-CS-272";"9587205815";"4"
"KU-CS-275";"9587205815";"4"
"KU-CS-278";"9587205815";"1"
"KU-CS-287";"9587205815";"1"
"KU-CS-248";"9587205882";"5"
"KU-CS-250";"9587205882";"5"
"KU-CS-251";"9587205882";"5"
"KU-CS-253";"9587205882";"5"
"KU-CS-259";"9587205882";"5"
"KU-CS-261";"9587205882";"3"
"KU-CS-264";"9587205882";"3"
"KU-CS-267";"9587205882";"3"
"KU-CS-273";"9587205882";"3"
"KU-CS-276";"9587205882";"3"
"KU-CS-279";"9587205882";"1"
"KU-CS-286";"9587205882";"1"
"KU-CS-287";"9587205882";"1"
"KU-CS-288";"9587205882";"1"
"KU-CS-250";"9734122990";"5"
"KU-CS-251";"9734122990";"5"
"KU-CS-252";"9734122990";"3"
"KU-CS-254";"9734122990";"2"
"KU-CS-259";"9734122990";"5"
"KU-CS-262";"9734122990";"5"
"KU-CS-265";"9734122990";"5"
"KU-CS-271";"9734122990";"5"
"KU-CS-274";"9734122990";"5"
"KU-CS-277";"9734122990";"1"
"KU-CS-249";"97811853121";"3"
"KU-CS-252";"97811853121";"3"
"KU-CS-255";"97811853121";"3"
"KU-CS-259";"97811853121";"4"
"KU-CS-263";"97811853121";"4"
"KU-CS-266";"97811853121";"4"
"KU-CS-272";"97811853121";"4"
"KU-CS-275";"97811853121";"4"
"KU-CS-278";"97811853121";"2"
"KU-CS-241";"97811853123";"5"
"KU-CS-242";"97811853123";"5"
"KU-CS-243";"97811853123";"4"
"KU-CS-244";"97811853123";"5"
"KU-CS-245";"97811853123";"5"
"KU-CS-246";"97811853123";"4"
"KU-CS-247";"97811853123";"5"
"KU-CS-248";"97811853123";"5"
"KU-CS-249";"97811853123";"3"
"KU-CS-250";"97811853123";"5"
"KU-CS-251";"97811853123";"5"
"KU-CS-252";"97811853123";"3"
"KU-CS-253";"97811853123";"5"
"KU-CS-254";"97811853123";"5"
"KU-CS-255";"97811853123";"3"
"KU-CS-259";"97811853123";"5"
"KU-CS-264";"97811853123";"3"
"KU-CS-267";"97811853123";"3"
"KU-CS-273";"97811853123";"3"
"KU-CS-276";"97811853123";"3"
"KU-CS-279";"97811853123";"1"
"KU-CS-241";"9934177990";"5"
"KU-CS-242";"9934177990";"5"
"KU-CS-243";"9934177990";"4"
"KU-CS-244";"9934177990";"5"
"KU-CS-245";"9934177990";"5"
"KU-CS-246";"9934177990";"4"
"KU-CS-250";"9934177990";"5"
"KU-CS-251";"9934177990";"5"
"KU-CS-253";"9934177990";"5"
"KU-CS-259";"9934177990";"5"
"KU-CS-262";"9934177990";"5"
"KU-CS-263";"9934177990";"4"
"KU-CS-264";"9934177990";"3"
"KU-CS-265";"9934177990";"5"
"KU-CS-266";"9934177990";"4"
"KU-CS-267";"9934177990";"3"
"KU-CS-271";"9934177990";"5"
"KU-CS-272";"9934177990";"4"
"KU-CS-273";"9934177990";"3"
"KU-CS-274";"9934177990";"5"
"KU-CS-275";"9934177990";"4"
"KU-CS-276";"9934177990";"3"
"KU-CS-277";"9934177990";"1"
"KU-CS-278";"9934177990";"1"
"KU-CS-279";"9934177990";"1"
"KU-CS-253";"9976869595";"5"
"KU-CS-254";"9976869595";"5"
"KU-CS-255";"9976869595";"3"
"KU-CS-259";"9976869595";"4"
"KU-CS-262";"9976869595";"5"
"KU-CS-263";"9976869595";"4"
"KU-CS-264";"9976869595";"3"
"KU-CS-265";"9976869595";"5"
"KU-CS-266";"9976869595";"4"
"KU-CS-267";"9976869595";"3"
"KU-CS-271";"9976869595";"5"
"KU-CS-272";"9976869595";"4"
"KU-CS-273";"9976869595";"3"
"KU-CS-274";"9976869595";"5"
"KU-CS-275";"9976869595";"4"
"KU-CS-276";"9976869595";"3"
"KU-CS-277";"9976869595";"1"
"KU-CS-278";"9976869595";"2"
"KU-CS-279";"9976869595";"1"
"KU-CS-303";"9976869595";"1"
"KU-CS-306";"9976869595";"1"
"KU-CS-309";"9976869595";"1"
"KU-CS-254";"9980232741";"5"
"KU-CS-256";"9980232741";"4"
"KU-CS-257";"9980232741";"5"
"KU-CS-259";"9980232741";"5"
"KU-CS-262";"9980232741";"5"
"KU-CS-263";"9980232741";"4"
"KU-CS-264";"9980232741";"3"
"KU-CS-265";"9980232741";"5"
"KU-CS-266";"9980232741";"4"
"KU-CS-267";"9980232741";"3"
"KU-CS-271";"9980232741";"5"
"KU-CS-272";"9980232741";"4"
"KU-CS-273";"9980232741";"3"
"KU-CS-274";"9980232741";"5"
"KU-CS-275";"9980232741";"4"
"KU-CS-276";"9980232741";"3"
"KU-CS-277";"9980232741";"2"
"KU-CS-278";"9980232741";"1"
"KU-CS-279";"9980232741";"2"
"KU-CS-302";"9980232741";"1"
"KU-CS-305";"9980232741";"1"
"KU-CS-308";"9980232741";"1"
"KU-CS-255";"9980783381";"3"
"KU-CS-256";"9980783381";"4"
"KU-CS-257";"9980783381";"5"
"KU-CS-259";"9980783381";"5"
"KU-CS-262";"9980783381";"5"
"KU-CS-263";"9980783381";"4"
"KU-CS-264";"9980783381";"3"
"KU-CS-265";"9980783381";"5"
"KU-CS-266";"9980783381";"4"
"KU-CS-267";"9980783381";"3"
"KU-CS-271";"9980783381";"5"
"KU-CS-272";"9980783381";"4"
"KU-CS-273";"9980783381";"3"
"KU-CS-274";"9980783381";"5"
"KU-CS-275";"9980783381";"4"
"KU-CS-276";"9980783381";"3"
"KU-CS-277";"9980783381";"1"
"KU-CS-278";"9980783381";"1"
"KU-CS-279";"9980783381";"2"
"KU-CS-298";"9980783381";"1"
"KU-CS-299";"9980783381";"1"
"KU-CS-300";"9980783381";"1"
"KU-CS-301";"9980783381";"1"
"KU-CS-304";"9980783381";"1"
"KU-CS-307";"9980783381";"1"
